Company,date,time,headline
AAPL,Nov-11-20,08:00PM,The 6 Hottest Energy Tech Stocks For 2021
AAPL,Nov-11-20,08:00PM,"Bye, Tariff Man. Bidens India Play Must Be Apps"
AAPL,Nov-11-20,08:00PM,"Equilibrium Descends on Mixed Market Indexes: AAPL, DIS & More"
AAPL,Nov-11-20,08:00PM,"Dow Jones Stocks To Buy And Watch In November 2020: Apple, Microsoft Offer New Buy Points"
AAPL,Nov-11-20,08:00PM,Stock Market Today: Big Tech Bounces Back
AAPL,Nov-11-20,08:00PM,Nasdaq Soars As Big Tech Bites Back; Dow Jones Lags As Boeing Dives
AAPL,Nov-11-20,08:00PM,Why Roku Stock Is Soaring Today
AAPL,Nov-11-20,08:00PM,"Apple is taking control, and a risky bet, with its M1 chip"
AAPL,Nov-11-20,08:00PM,Stocks rise as tech shares recover some losses
AAPL,Nov-11-20,08:00PM,Apple Succeeds In 'Getting Us To Talk About The Mac After Years Of Obscurity'
AAPL,Nov-11-20,08:00PM,Having Apple use their own microprocessor and not depending on Intel or Samsung is a big deal: Fmr. Apple CEO
AAPL,Nov-11-20,08:00PM,When Will Apple Finally Be a Buy?
AAPL,Nov-11-20,08:00PM,Apples New M1-Powered Mac Laptops Win Raves From Wall Street
AAPL,Nov-11-20,08:00PM,Dow Jones Extends Win Streak As Techs Rebound; Top Growth Stock Breaks Out
AAPL,Nov-11-20,08:00PM,"Dow Jones Rallies 150 Points, As Tech Stocks Snap Back; Apple, Tesla Rebound, But Datadog Plunges On Earnings"
AAPL,Nov-11-20,08:00PM,Alibaba Singles Day Ends Strongly as Beijing Storm Approaches
AAPL,Nov-11-20,08:00PM,Apple unveils new M1 chip for Mac computers
AAPL,Nov-11-20,08:00PM,"This 5G Stock Has Doubled, but It Can Keep Crushing the Market"
AAPL,Nov-11-20,08:00PM,Roku rolls out AirPlay 2 and HomeKit support to 4K devices
AAPL,Nov-11-20,08:00PM,How Singles' Day compares to Black Friday and Amazon Prime Day
AAPL,Nov-11-20,08:00PM,Apple (AAPL) Powers New Mac Products With its First M1 Chip
AAPL,Nov-11-20,08:00PM,Apple Ditching Intel With Its New Macs Could Be the Start of Something Big
AAPL,Nov-11-20,08:00PM,"As Expected, Apple Launches New Macs at Latest Unveiling"
AAPL,Nov-11-20,08:00PM,"Roku Adds Apple AirPlay to 4K Devices, Giving Users a New HBO Max Streaming Workaround"
AAPL,Nov-11-20,08:00PM,Apple Is Not a Factor In the One Place Smartphone Demand Is Still Growing
AAPL,Nov-11-20,08:00PM,Is Apple Stock A Buy Right Now? Here's What Its Stock Chart Shows
AAPL,Nov-11-20,08:00PM,"William O'Neil, IBD Win Benzinga Global Fintech Awards"
AAPL,Nov-11-20,08:00PM,Column: Looking for a smartwatch? Here's some of the best of 2020
AAPL,Nov-11-20,08:00PM,"Dow Jones Futures Rise 200 Points, While Tech Futures Jump As Stock Market Rotation Continues; 6 Tech Giants Sell Off"
AAPL,Nov-11-20,08:00PM,"5G Stocks To Buy And Watch: Apple, Qualcomm, T-Mobile, Ericsson Gain Traction"
AAPL,Nov-11-20,08:00PM,"For Market-Beating Investments, Look at Brand Value"
AAPL,Nov-11-20,08:00PM,Google Offers Free Stadia Kits To YouTube Premium Subscribers As Cloud Gaming War Heats Up
AAPL,Nov-11-20,08:00PM,Amazons Everything Store Is Now Everyones Antitrust Target
AAPL,Nov-11-20,08:00PM,Apple's Theft Claim Against 'Fortnite' Maker Epic Gets Thrown Out By Court
AAPL,Nov-11-20,08:00PM,Federal judge dismisses some claims by Apple in fight against Epic Games
AAPL,Nov-11-20,08:00PM,Federal judge dismisses some claims by Apple in fight against Epic Games
AAPL,Nov-11-20,08:00PM,"Apple, Netflix Haven't Paid A Dime In Taxes Despite Drawing $43M Streaming Revenue, Vietnam Says"
AAPL,Nov-10-20,08:33PM,[video]5 Thoughts on Apple's M1 Processor and New Macs
AAPL,Nov-10-20,08:33PM,"Apples new Macs launch in time for holidays, but shouldnt make your wish list"
AAPL,Nov-10-20,08:33PM,Macs with the M1 chip do not support eGPUs
AAPL,Nov-10-20,08:33PM,Apple Officially Kicks Intel To The Curb With New Mac Computers
AAPL,Nov-10-20,08:33PM,Peloton Signs Partnership With Its Most Requested Artist
AAPL,Nov-10-20,08:33PM,HBO His Dark Materials App Features Your Own Virtual AR Daemon That Encourages Self-Care
AAPL,Nov-10-20,08:33PM,'Tech high flyers massively underperformed on the vaccine news': Portfolio Manager
AAPL,Nov-10-20,08:33PM,Stocks mixed as tech sell-off continues
AAPL,Nov-10-20,08:33PM,Apples next generation laptops are more important amid pandemic: Analyst
AAPL,Nov-10-20,08:33PM,Apple rolls out new Macs with custom chip as it moves away from Intel
AAPL,Nov-10-20,08:33PM,Apple unveils M1 chip for faster processing
AAPL,Nov-10-20,08:33PM,Apple Launches Three New Macs to Kick Off Switch From Intel
AAPL,Nov-10-20,08:33PM,"Apple announces its first-ever M1 processor, coming to MacBooks and Macs"
AAPL,Nov-10-20,08:33PM,Apple Unveils New Custom-Made Chip for Mac Computers
AAPL,Nov-10-20,08:33PM,Apple Unveils First Macs Powered by New M1 Chip
AAPL,Nov-10-20,08:33PM,Here's everything Apple announced at the 'One More Thing' event today
AAPL,Nov-10-20,08:33PM,Apple brings back its 'I'm a PC' spokesman for Arm-based Mac launch event
AAPL,Nov-10-20,08:33PM,Introducing the Next Generation of Mac
AAPL,Nov-10-20,08:33PM,Apple Unleashes M1
AAPL,Nov-10-20,08:33PM,He bought Tesla and Apple in 2013  now hes got $5.4 million and is asking the internet what to do with it
AAPL,Nov-10-20,08:33PM,Apple expected to reveal first Macs with custom ARM-based processor
AAPL,Nov-10-20,08:33PM,Live from Apple's 2020 Mac event featuring the first-ever Apple Silicon Macs
AAPL,Nov-10-20,08:33PM,Here are Wall Streets 20 favorite value stocks
AAPL,Nov-10-20,08:33PM,Dow Jones Leads Mixed Market As Covid Vaccine Hopes Slam Tech Stocks Again
AAPL,Nov-10-20,08:33PM,"Dow Jones Jumps 275 Points, But Tech Sell-Off Continues; Beyond Meat Plunges 24% On Earnings"
AAPL,Nov-10-20,08:33PM,"Despite the rise in Covid-19 cases, the economy continues to recover: Strategist"
AAPL,Nov-10-20,08:33PM,Amazon Accused of Merchant Data Abuse in New EU Antitrust Charges
AAPL,Nov-10-20,08:33PM,Facebook Stock: What Will 2021 Look Like?
AAPL,Nov-10-20,08:33PM,"Amazon Hit by EU Complaint, Faces New Probe Over Sales"
AAPL,Nov-10-20,08:33PM,Why You Shouldn't Worry About Apple's Declining iPhone Revenue
AAPL,Nov-10-20,08:33PM,Apple Is Having Another Event Today. Heres What to Expect.
AAPL,Nov-10-20,08:33PM,Dow Jones Futures Rise But Tech Futures Tumble As Coronavirus Vaccine Swings Stock Market
AAPL,Nov-10-20,08:33PM,"Vaccine Rotation, What I Bought and Sold, Stocks on Thin Ice, Apple's Event"
AAPL,Nov-10-20,08:33PM,"Apple to unveil Macs with their own processors, widening its app ecosystem"
AAPL,Nov-10-20,08:33PM,Apple Is One of the Many Catalysts Driving This Top 5G Stock
AAPL,Nov-10-20,08:33PM,"Apple to unveil Macs with their own processors, widening its app ecosystem"
AAPL,Nov-10-20,08:33PM,Buffett Has Spent $67 Billion on These 3 Stocks Since 2016
AAPL,Nov-10-20,08:33PM,Apple's Latest Macs Could Start a New Chip War
AAPL,Nov-09-20,05:21PM,Tech companies are 'not going away just because the market is rotating over to cyclicals': Antonelli
AAPL,Nov-09-20,05:21PM,Apple 'One More Thing' Mac event: What to expect
AAPL,Nov-09-20,05:21PM,"As Apple releases its new line of Macs, the biggest beneficiary may be Microsoft"
AAPL,Nov-09-20,05:21PM,"Dow Jones Soars 1,300 Points As Biden Win, Coronavirus News Fuel Market Rally"
AAPL,Nov-09-20,05:21PM,"Dow Jones Soars 1,600 Points On Effective Coronavirus Vaccine; Tesla Jumps On China Sales"
AAPL,Nov-09-20,05:21PM,Pfizers News Ignited the Markets. How to Invest for a Post-Vaccine World.
AAPL,Nov-09-20,05:21PM,What to expect from Apples Silicon Mac event
AAPL,Nov-09-20,05:21PM,"Apple Music adds 10 new playlists aimed at Gen Z, including one with TikTok hits"
AAPL,Nov-09-20,05:21PM,Forget 5G. This Is the Technology Apple Is Really Betting On With the iPhone 12.
AAPL,Nov-09-20,05:21PM,"Apple MagSafe Duo Charger Review: Useful, but expensive and underwhelming"
AAPL,Nov-09-20,05:21PM,"iPhone 12 mini Review: Tiny package, big bang"
AAPL,Nov-09-20,05:21PM,SSGA's Thompson Banks On Forward-Looking Strategies To Lift SPDR ETFs
AAPL,Nov-09-20,05:21PM,This Apple Supplier Is Winning Big from the iPhone 12
AAPL,Nov-09-20,05:21PM,"Apple's new Macs could revive the PC chip wars, analysts say"
AAPL,Nov-09-20,05:21PM,"Apple's new Macs could revive the PC chip wars, analysts say"
AAPL,Nov-09-20,05:21PM,"Apple's new Macs could revive the PC chip wars, analysts say"
AAPL,Nov-09-20,05:21PM,Apple Must Ask Why Good Help Is So Hard to Find
AAPL,Nov-09-20,05:21PM,Apple Freezes New Business for Pegatron on China Labor Abuse
AAPL,Nov-09-20,05:21PM,Apple Puts iPhone Maker Pegatron On Probation Over Labor Violations
AAPL,Nov-08-20,09:14PM,Samsung may launch flagship phone early to grab Huawei share: sources
AAPL,Nov-08-20,09:14PM,Benzinga Survey: Will Apple Or Microsoft Stock Grow More By 2025?
AAPL,Nov-07-20,05:25PM,Joe Biden Wins Presidential Election; Did America Just Vote For Gridlock?
AAPL,Nov-07-20,05:25PM,"Whats Ahead Under President Joe Biden, Industry by Industry"
AAPL,Nov-07-20,05:25PM,Warren Buffett Doubles Down On Major Reversal In Investing Strategy
AAPL,Nov-07-20,05:25PM,"Benzinga's Bulls And Bears Of The Week: Apple, Toyota, Verizon And More"
TSLA,Nov-11-20,08:00PM,The 6 Hottest Energy Tech Stocks For 2021
TSLA,Nov-11-20,08:00PM,Rivian is making its hands-free driver assistance system standard in 'every vehicle' it builds
TSLA,Nov-11-20,08:00PM,Tesla Gigafactory Shanghai Production Rate Points To Sharp Annual Increase
TSLA,Nov-11-20,08:00PM,"Dow Jones Futures: Stock Market Rotation Over? Moderna Breaks Out; Pinduoduo, Tencent, Tesla Rival Xpeng Earnings Due"
TSLA,Nov-11-20,08:00PM,Tesla No. 1 in Survey of Most Attractive Companies for Engineering Students
TSLA,Nov-11-20,08:00PM,"Electric Car Sales More Than Double In World's Biggest EV Market, But Tesla Lags"
TSLA,Nov-11-20,08:00PM,Will Tesla Or Nio Stock Grow More By 2025?
TSLA,Nov-11-20,08:00PM,"Mercedes-Benz Berlin plant head to join Tesla, union says"
TSLA,Nov-11-20,08:00PM,"Dow Jones Rallies 150 Points, As Tech Stocks Snap Back; Apple, Tesla Rebound, But Datadog Plunges On Earnings"
TSLA,Nov-11-20,08:00PM,"BMW's New Electric iX SUV Will Challenge Tesla, But Not Until 2022"
TSLA,Nov-11-20,08:00PM,"BMW unveils electric SUV to challenge Tesla, plans U.S. launch in early 2022"
TSLA,Nov-11-20,08:00PM,"BMW Takes a Step Out of Tesla, VWs Shadow With Electric SUV"
TSLA,Nov-11-20,08:00PM,"BMW unveils electric SUV to challenge Tesla, plans U.S. launch in early 2022"
TSLA,Nov-11-20,08:00PM,"Dow Jones Futures Rise 200 Points, While Tech Futures Jump As Stock Market Rotation Continues; 6 Tech Giants Sell Off"
TSLA,Nov-11-20,08:00PM,Waymo Suggests 'Orders Of Magnitude More Advanced' Than Tesla's Full Self-Driving Approach
TSLA,Nov-10-20,04:59PM,Tesla 2021 Model 3 Registration Shows Larger 82kWh Battery
TSLA,Nov-10-20,04:59PM,Nikola Suffers Credibility Doubts On Wall Street As EV Deal Hangs In Balance
TSLA,Nov-10-20,04:59PM,Lyft beats earnings estimates; co-founder says it's one of the best COVID-19 recovery stocks
TSLA,Nov-10-20,04:59PM,Why Tesla Bear Gordon Johnson Is Forecasting Sequential Volume Decline In Q4
TSLA,Nov-10-20,04:59PM,Tesla Has Formed an Equilateral Triangle Formation - Drive Carefully
TSLA,Nov-10-20,04:59PM,He bought Tesla and Apple in 2013  now hes got $5.4 million and is asking the internet what to do with it
TSLA,Nov-10-20,04:59PM,Why Tesla Stock Just Tanked Again
TSLA,Nov-10-20,04:59PM,There Is No China Growth Story For Tesla; Company Headed To Zero: Shortseller
TSLA,Nov-10-20,04:59PM,"Nikola CEO: We are prepared to 'go to market alone if we have to,' without General Motors"
TSLA,Nov-10-20,04:59PM,"Dow Jones Jumps 275 Points, But Tech Sell-Off Continues; Beyond Meat Plunges 24% On Earnings"
TSLA,Nov-10-20,04:59PM,Tesla Expands Warranty to Cover Main Computer Failures in Older Vehicles
TSLA,Nov-10-20,04:59PM,"Nikola CEO on earnings, GM partnership"
TSLA,Nov-10-20,04:59PM,Tesla's Energy Business in 4 Charts
TSLA,Nov-10-20,04:59PM,"Tesla To Refund Older Model S, X Owners For MCU Failures: CNBC"
TSLA,Nov-10-20,04:59PM,"Ford Looks To Clear Air Around Mustang Mach-E EPA Range, Says Fully Expects To Meet Target"
TSLA,Nov-09-20,08:26PM,Elon Musk's Boring Company is setting up operations in Austin
TSLA,Nov-09-20,08:26PM,Why online car sales are surging amid COVID-19
TSLA,Nov-09-20,08:26PM,"Workhorse, Kandi Kick Off Heavy Slate Of EV Earnings With A Whimper"
TSLA,Nov-09-20,08:26PM,Why Shares of This Electric Carmaker Skyrocketed in October
TSLA,Nov-09-20,08:26PM,Elon Musk: Tesla's First Dojo Supercomputer About 1 Year Away
TSLA,Nov-09-20,08:26PM,"Panasonic Sees Internally Produced Tesla Batteries as Opportunity, Not Danger"
TSLA,Nov-09-20,08:26PM,"TD Ameritrade Clients Bought Tesla, Nio, And DraftKings Ahead Of The Election"
TSLA,Nov-09-20,08:26PM,Why Tesla Stock Jumped on Monday
TSLA,Nov-09-20,08:26PM,"Dow Jones Soars 1,600 Points On Effective Coronavirus Vaccine; Tesla Jumps On China Sales"
TSLA,Nov-09-20,08:26PM,"The Station: Transportation on the ballot, SoftBank parks its money in REEF and Tesla Tequila arrives"
TSLA,Nov-09-20,08:26PM,Panasonic Not Worried About Tesla's Battery Expansion Plans
TSLA,Nov-08-20,09:40PM,"Tesla Has Installed Its 20,000th Supercharger"
TSLA,Nov-08-20,09:40PM,Kids Pushing Parents To Buy Electric Vehicles: Study
TSLA,Nov-08-20,09:40PM,What Joe Biden and Kamala Harris Mean for the Markets
TSLA,Nov-08-20,09:40PM,"Livent Pops 15% On Lithium Joint Venture, Tesla Contract Extension"
TSLA,Nov-07-20,09:38PM,Why Is Everyone Talking About Tesla?
TSLA,Nov-07-20,09:38PM,"Whats Ahead Under President Joe Biden, Industry by Industry"
TSLA,Nov-06-20,09:21PM,"In the Midst of Election Uncertainty, Younger Traders Embraced the Familiar"
TSLA,Nov-06-20,09:21PM,"Dow Jones Up 1,800 Points In Election Week As Stock Market Stages Massive Rally"
TSLA,Nov-06-20,09:21PM,"Dow Jones Falls 150 Points Amid Jobs Report; Peloton, Roku, Square Jump On Earnings"
TSLA,Nov-06-20,09:21PM,Lordstown Needs to Find Love Among Truck Owners
TSLA,Nov-06-20,09:21PM,7 Autonomous Vehicle Stocks to Buy As Transpiration Enters a New Era
TSLA,Nov-06-20,09:21PM,Elon Musk Takes A Potshot At Nio's Rally: '420 Is Ten Times Better Than 42'
TSLA,Nov-06-20,09:21PM,Nios 100 kWh Battery Launch Event: 3 Takeaways for NIO Stock
TSLA,Nov-06-20,09:21PM,Tesla's 'Teslaquila' Is Real - And It's Already Sold Out
TSLA,Nov-06-20,09:21PM,"Tesla launches $250 tequila online, quickly 'out of stock'"
TSLA,Nov-06-20,09:21PM,"Tesla launches $250 tequila online, quickly 'out of stock'"
TSLA,Nov-06-20,09:21PM,"Tesla unveils 'Tesla Tequila' for $250, product sold-out on website"
TSLA,Nov-05-20,10:25PM,Why EV startup Bollinger Motors is focusing on the high-end consumer
TSLA,Nov-05-20,10:25PM,Tesla Now Sells Tequila And It Comes In A $250 Thunderbolt-Shaped Bottle
TSLA,Nov-05-20,10:25PM,Elon Musk's Tesla tequila will run you $250 a bottle
TSLA,Nov-05-20,10:25PM,GM tops estimates on strong truck sales
TSLA,Nov-05-20,10:25PM,This Key Indicator Reveals Highflying Stocks Primed To Make Moves  Here's What To Look For
TSLA,Nov-05-20,10:25PM,"GM To Speed Up EV Rollout As Earnings Crush, Nikola Talks Continue"
TSLA,Nov-05-20,10:25PM,"Why a Winning Fund Likes Tesla, Amazon, and Mastercard Stock"
TSLA,Nov-05-20,10:25PM,Alphabet and 11 Other Stocks That Are Vulnerable to a Short Squeeze
TSLA,Nov-05-20,10:25PM,"PREMIUM: Trading Post-Election Scenarios for Stocks, Bonds and Sectors"
TSLA,Nov-05-20,10:25PM,Tesla Submits Application For Model Y Manufacturing In China: Report
TSLA,Nov-05-20,10:25PM,"Dow Jones Surges 600 Points, As Apple, Tesla Jump; Alibaba Falls, While GM, Qualcomm Soars On Earnings"
TSLA,Nov-05-20,10:25PM,The $5 Trillion Transportation Industry Is Going Green
TSLA,Nov-05-20,10:25PM,VW CEO Says Existential Electric Race Awaits After Pandemic
TSLA,Nov-05-20,10:25PM,Is Tesla Stock Overvalued?
TSLA,Nov-05-20,10:25PM,How to Make Sense of the Wild Trading in Hyliion and Other EV Stocks
TSLA,Nov-05-20,10:25PM,"Dow Jones Futures Jump As Strong Post-Election Market Rally Rolls On; Qualcomm, Alibaba, GM Lead Earnings Movers"
TSLA,Nov-05-20,10:25PM,"Tesla, French Partner Neoen, To Build Another Gigantic Lithium-Ion Battery In Australia"
TSLA,Nov-05-20,10:25PM,Tesla Gets Order For 150 Semi Trucks From Canadian Company As It Prepares For 'Volume Production'
TSLA,Nov-05-20,10:25PM,Tesla or Nio: Which EV Stock Is A Better Pick Right Now?
TSLA,Nov-04-20,07:01PM,The Biggest Ever Transfer Of Wealth Is Happening Right Now
TSLA,Nov-04-20,07:01PM,EV Stocks Shrug Off Election Uncertainty
TSLA,Nov-04-20,07:01PM,Tesla Could Create Up To 15K Jobs With Gigafactory Texas: Report
TSLA,Nov-04-20,07:01PM,Electric Car Stocks Split As Election Results Hint At Divide
TSLA,Nov-04-20,07:01PM,"Buffett-Backed BYD Joins Nio, Xpeng In China Electric Car Sales Boom"
TSLA,Nov-04-20,07:01PM,"Dow Jones, Nasdaq Rally As Trump Vs. Biden Remains In Balance; These Breakouts Flourish"
TSLA,Nov-04-20,07:01PM,"Cathie Wood Sells Tesla Shares To Buy The Dips In Alibaba, Paypal"
TSLA,Nov-04-20,07:01PM,Five Stock Surprises After Election Day
TSLA,Nov-04-20,07:01PM,"Dow Jones Surges 600 Points, While Tech Stocks Soar; Trump Claims Big Win, But Election Results Unclear"
TSLA,Nov-04-20,07:01PM,"The $110 Trillion Trend That Bezos, Buffet And Musk Are Betting On"
TSLA,Nov-04-20,07:01PM,"Dow Jones Futures Rise, While Tech Futures Soar; Trump Claims 'A Big WIN!' But Election Results Unclear"
TSLA,Nov-04-20,07:01PM,A Ferrari May Be Less Polluting Than You Think
TSLA,Nov-03-20,09:35PM,"Tesla Was A Month Away From Bankruptcy Ahead Of Model 3 Rollout, Says Musk"
TSLA,Nov-03-20,09:35PM,"Stock Markets Elect to Soar Again as Tesla, Alibaba Head in Different Directions"
TSLA,Nov-03-20,09:35PM,"Electric-Car Stocks And The Election: Here's Where Trump, Biden Stand"
TSLA,Nov-03-20,09:35PM,We are impressed by the resiliency of the American consumer: Analyst on October auto sales
TSLA,Nov-03-20,09:35PM,S&P 500 Performs Best On Days Donald Trump Tweets 30 Or More Times: Study
TSLA,Nov-03-20,09:35PM,Where Are ESG Funds Coming Up Short?
TSLA,Nov-03-20,09:35PM,Dow Jones Jumps 600 Points In Election Day Rally As Biden Leads Trump
TSLA,Nov-03-20,09:35PM,"Dow Jones Surges 650 Points On U.S. Election Day; Apple, Tesla Rally, But SolarEdge Plunges 24% On Sales Miss"
TSLA,Nov-03-20,09:35PM,Why Tesla Stock Jumped Today
TSLA,Nov-03-20,09:35PM,"Is Tesla Stock A Buy Right Now? Here's What Earnings, Charts Show"
TSLA,Nov-03-20,09:35PM,Understanding Tesla's Unusual Options Activity
AMZN,Nov-11-20,09:28PM,"Down $290 Billion, China Tech Investors Wargame Worst-Case Scenarios"
AMZN,Nov-11-20,09:28PM,The 6 Hottest Energy Tech Stocks For 2021
AMZN,Nov-11-20,09:28PM,"Bye, Tariff Man. Bidens India Play Must Be Apps"
AMZN,Nov-11-20,09:28PM,Stock Market Today: Big Tech Bounces Back
AMZN,Nov-11-20,09:28PM,Alibaba's Singles Day sales top $74 billion
AMZN,Nov-11-20,09:28PM,Nasdaq Soars As Big Tech Bites Back; Dow Jones Lags As Boeing Dives
AMZN,Nov-11-20,09:28PM,AWS Announces AWS Glue DataBrew
AMZN,Nov-11-20,09:28PM,How the Nasdaq Dominated the Stock Market Wednesday
AMZN,Nov-11-20,09:28PM,Why Roku Stock Is Soaring Today
AMZN,Nov-11-20,09:28PM,Alibaba Moves Into Japan With Third-party Logistics Offering
AMZN,Nov-11-20,09:28PM,"Twitch Says Its in Talks to License Music, Tells Users to Delete Videos With Unauthorized Tracks"
AMZN,Nov-11-20,09:28PM,Next Up: Q3 Retail Earnings And The Tales Of The Winners And Losers Among Merchants
AMZN,Nov-11-20,09:28PM,Why I Just Bought More Spotify Stock
AMZN,Nov-11-20,09:28PM,What Drove Roku's 73% Revenue Surge?
AMZN,Nov-11-20,09:28PM,Rotating Into Consumer Discretionary? This 1 Stock Is Making it Harder
AMZN,Nov-11-20,09:28PM,Why Wall Street Loved Alphabet's Q3 Earnings
AMZN,Nov-11-20,09:28PM,How Singles' Day compares to Black Friday and Amazon Prime Day
AMZN,Nov-11-20,09:28PM,"Future says it communicated with Reliance on arbitration order for ""legitimate purpose"""
AMZN,Nov-11-20,09:28PM,"India's Future says it communicated with Reliance on arbitration order for ""legitimate purpose"""
AMZN,Nov-11-20,09:28PM,Better Buy: Amazon vs. Disney
AMZN,Nov-11-20,09:28PM,"William O'Neil, IBD Win Benzinga Global Fintech Awards"
AMZN,Nov-11-20,09:28PM,Amazon (AMZN) Expands in Brazil With New Logistics Centers
AMZN,Nov-11-20,09:28PM,"India to regulate streaming services, online content"
AMZN,Nov-11-20,09:28PM,"Singles Day Begins With a Bang in China, and a Stock Plunge"
AMZN,Nov-11-20,09:28PM,"Alibaba, Amazon and Lyft - 5 Things You Must Know Wednesday"
AMZN,Nov-11-20,09:28PM,"For Market-Beating Investments, Look at Brand Value"
AMZN,Nov-11-20,09:28PM,XPO Logistics Earnings Show Investors Have Multiple Ways to Win
AMZN,Nov-11-20,09:28PM,"Got $5,000? 3 Surefire Stocks to Buy With Biden in the White House"
AMZN,Nov-11-20,09:28PM,Exclusive: Amazon accuses Future of insider trading as it seeks to block Reliance deal
AMZN,Nov-11-20,09:28PM,Exclusive: Amazon accuses India's Future of insider trading as it seeks to block Reliance deal
AMZN,Nov-11-20,09:28PM,Amazons Everything Store Is Now Everyones Antitrust Target
AMZN,Nov-11-20,09:28PM,E-commerce startup Heroes raises $65M in equity and debt to become the Thrasio of Europe
AMZN,Nov-11-20,09:28PM,Asias Richest Man Takes on Amazon in Indias Booming Online Market
AMZN,Nov-10-20,09:21PM,"Amazon Recalls 350,000 Ring Doorbells After Some Catch Fire"
AMZN,Nov-10-20,09:21PM,Asias Richest Man Takes on Amazon in Indias Booming Online Market
AMZN,Nov-10-20,09:21PM,European Regulators Charge Amazon With Unfair Business Practices
AMZN,Nov-10-20,09:21PM,"Dow Jones Rises While Tech Stocks, Coronavirus Plays Sell Off"
AMZN,Nov-10-20,09:21PM,Amazons EU troubles could be warm-up act for more regulatory actions vs. Big Tech
AMZN,Nov-10-20,09:21PM,'Tech high flyers massively underperformed on the vaccine news': Portfolio Manager
AMZN,Nov-10-20,09:21PM,"Dow Jones, Small Caps Lead Stock Market Rally, But Growth Stocks Throttled Again; Amazon, Facebook Dive 3%"
AMZN,Nov-10-20,09:21PM,Walmart Teams Up With GM's Cruise on Self-Driving Deliveries
AMZN,Nov-10-20,09:21PM,Here are Wall Streets 20 favorite value stocks
AMZN,Nov-10-20,09:21PM,"EU is charging Amazon with distorting competition. Next step, concessions  or a jumbo fine"
AMZN,Nov-10-20,09:21PM,What To Make Of An Irrational Stock Market
AMZN,Nov-10-20,09:21PM,"The EU found that Amazon illegally distorted competition, as it faces a new competition investigation into Prime"
AMZN,Nov-10-20,09:21PM,EU says Amazon breached antitrust rules
AMZN,Nov-10-20,09:21PM,"Despite the rise in Covid-19 cases, the economy continues to recover: Strategist"
AMZN,Nov-10-20,09:21PM,Amazon Accused of Merchant Data Abuse in New EU Antitrust Charges
AMZN,Nov-10-20,09:21PM,Amazon Follows Googles Lead and Not In A Good Way
AMZN,Nov-10-20,09:21PM,"Amazon Hit by EU Complaint, Faces New Probe Over Sales"
AMZN,Nov-10-20,09:21PM,Amazon Faces Fresh Antitrust Battle With European Regulators
AMZN,Nov-10-20,09:21PM,Trxade's stock rockets to pace premarket gainers after Amazon marketing agreement
AMZN,Nov-10-20,09:21PM,Atlassian Is Going All-In on Cloud
AMZN,Nov-10-20,09:21PM,Europe charges Amazon with using its dominance and data to squeeze rivals
AMZN,Nov-10-20,09:21PM,Amazon charged with abusing EU competition rules
AMZN,Nov-10-20,09:21PM,Silicon Valley Firm Joins Gulf Investors to Fund Tech Deals
AMZN,Nov-10-20,09:21PM,Beyond Meats Bad Day Shows How Hard It Is to Be the Next Big Thing
AMZN,Nov-10-20,09:21PM,EU Hits Amazon With Antitrust Charges and Opens New Probe on E-Commerce Practices
AMZN,Nov-10-20,09:21PM,Europe lays out antitrust case against Amazon's use of big data
AMZN,Nov-10-20,09:21PM,"Amazon takes down underwear, doormat listings with Hindu symbols after India backlash"
AMZN,Nov-10-20,09:21PM,Apple Is One of the Many Catalysts Driving This Top 5G Stock
AMZN,Nov-10-20,09:21PM,The Roku Channel Could Double Viewership Again
AMZN,Nov-10-20,09:21PM,EU files antitrust charges against Amazon over use of data
AMZN,Nov-10-20,09:21PM,European Commission says preliminary view is that Amazon broke antitrust rules
AMZN,Nov-10-20,09:21PM,"EU charges Amazon with anti-competitive action, opens second probe"
AMZN,Nov-10-20,09:21PM,"DHL, FedEx and UPS Are Ready to Save the World"
AMZN,Nov-10-20,09:21PM,Amazon Enters The Lucrative Disney-Dominated Cricket Streaming Market In India
AMZN,Nov-10-20,09:21PM,Google Teams Up With European Cloud Rival in Battle With Amazon
AMZN,Nov-09-20,09:35PM,Amazon's Prime Video makes live sports foray in India with cricket rights
AMZN,Nov-09-20,09:35PM,The Benefits and Risks of Wayfair's Hypergrowth Strategy
AMZN,Nov-09-20,09:35PM,V.F. Corp CEO: Why we bought Supreme for $2.1 billion
AMZN,Nov-09-20,09:35PM,"As S&P 500 Roars to Near-Highs, Here's One Mindblowing Stat About Today's 100 Best- Performing Stocks"
AMZN,Nov-09-20,09:35PM,Tech companies are 'not going away just because the market is rotating over to cyclicals': Antonelli
AMZN,Nov-09-20,09:35PM,Amazon Launches Program to Attract Delivery Drivers
AMZN,Nov-09-20,09:35PM,Stay-At-Home Stocks Fall On News Of Effective Covid-19 Vaccine
AMZN,Nov-09-20,09:35PM,"Why Amazon, Square, PayPal, Shopify, and Other E-Commerce Stocks Fell Today"
AMZN,Nov-09-20,09:35PM,COVID-19 economy: Hostess sees jumbo donuts fly off the shelves as pandemic rages on
AMZN,Nov-09-20,09:35PM,Better Buy: Netflix vs. Amazon
AMZN,Nov-09-20,09:35PM,Verishop Targets Instagram With Social Features in Shopping App
AMZN,Nov-09-20,09:35PM,QRTEA vs. AMZN: Which Stock Is the Better Value Option?
AMZN,Nov-09-20,09:35PM,"Vaccine News Is Sparking Selloff in Zoom, Peloton and Other Stay-at-Home Stocks"
AMZN,Nov-09-20,09:35PM,Forget 5G. This Is the Technology Apple Is Really Betting On With the iPhone 12.
AMZN,Nov-09-20,09:35PM,Oil Ends up 9% as Covid Vaccine News Spurs Economic Hopes
AMZN,Nov-09-20,09:35PM,3 Top E-Commerce Stocks to Buy Right Now
AMZN,Nov-09-20,09:35PM,"EXCLUSIVE: USPS, ShipMatrix Sign Parcel Capacity Assurance Deal"
AMZN,Nov-09-20,09:35PM,Brazils Bolsonaro Is Trumps Biggest Orphan
AMZN,Nov-09-20,09:35PM,Wayfair stock slumps after COVID-19 vaccine trial announcement
AMZN,Nov-09-20,09:35PM,"Google, Amazon, Microsoft, Disney and Cisco are part of Zacks Earnings Preview"
AMZN,Nov-09-20,09:35PM,Why the Best Approach to Your Portfolio May Be One That Doesnt Pick Sides
AMZN,Nov-09-20,09:35PM,Cloudflare Revenue Surges 54%: Can It Maintain Its Momentum?
AMZN,Nov-09-20,09:35PM,3 Takeaways From e.l.f. Beauty's Q2 Earnings Report
AMZN,Nov-09-20,09:35PM,5 Questions to Ask Yourself Before Buying Any Stock
AMZN,Nov-09-20,09:35PM,How Big Can a REIT Get?
AMZN,Nov-09-20,09:35PM,"Got $5,000? 3 Tech Stocks to Buy and Hold for the Long Term"
AMZN,Nov-09-20,09:35PM,SoftBank Recovery Gains Ground With Vision Funds Record Profit
AMZN,Nov-09-20,09:35PM,Amazon To Splash Out $2.8M On Data Centers In India
AMZN,Nov-09-20,09:35PM,Amazon Marks Its Biggest Expansion In Brazil Since 2012: Reuters
AMZN,Nov-08-20,10:48PM,"Amazon expands in Brazil, riding e-commerce boom set off by COVID-19 distancing"
AMZN,Nov-08-20,10:48PM,"Amazon expands in Brazil, riding e-commerce boom set off by COVID-19 distancing"
AMZN,Nov-08-20,10:48PM,"Amazon expands in Brazil, riding e-commerce boom set off by COVID-19 distancing"
EPC,Nov-11-20,11:16AM,Why Energizer Holdings (ENR) Might Surprise This Earnings Season
EPC,Nov-06-20,08:30AM,"Edgewell Personal Care Company Announces Details for Its Virtual Investor Day on November 20, 2020"
EPC,Nov-05-20,12:30PM,Energizer Holdings (ENR) Expected to Beat Earnings Estimates: Should You Buy?
EPC,Nov-05-20,12:30PM,Analysts Estimate Edgewell Personal Care (EPC) to Report a Decline in Earnings: What to Look Out for
EPC,Nov-05-20,12:30PM,5 Consumer Staple Stocks Poised for a Beat This Earnings Season
EPC,Nov-05-20,12:30PM,Edgewell Personal Care's(NYSE:EPC) Share Price Is Down 67% Over The Past Five Years.
EPC,Oct-22-20,07:27AM,"Edgewell Personal Care Company to Webcast a Discussion of Fourth Quarter and Fiscal Year 2020 Results on November 12, 2020"
EPC,Oct-12-20,08:31PM,Hedge Funds Are Selling Edgewell Personal Care Company (EPC)
EPC,Oct-06-20,09:09AM,Why Energizer Holdings Stock Dropped 15% in September
EPC,Sep-17-20,10:00AM,"RH, Edgewell Personal Care, Home Depot, AbbVie and QUALCOMM highlighted as Zacks Bull and Bear of the Day"
EPC,Sep-17-20,10:00AM,Bear of the Day: Edgewell Personal Care (EPC)
EPC,Sep-10-20,09:50AM,"Energizer Raises Sales View on Higher Demand, Repays Debt"
EPC,Sep-04-20,11:31AM,Why Is Energizer (ENR) Down 3.8% Since Last Earnings Report?
EPC,Sep-03-20,08:30AM,Edgewell Personal Care Announces Closing of Acquisition of CREMO Company
EPC,Sep-02-20,10:27AM,"These 2 Stocks Could Double From Here, But for Different Reasons"
EPC,Sep-02-20,10:27AM,Edgewell Personal Care Appoints Swan Sit to Board of Directors
EPC,Aug-31-20,11:54AM,3 Benjamin Graham-Style Stocks
EPC,Aug-06-20,11:41AM,"Energizer Holdings (ENR) Q3 Earnings Lag Estimates, Sales Top"
EPC,Aug-05-20,08:25AM,Energizer Holdings (ENR) Q3 Earnings Miss Estimates
EPC,Aug-05-20,08:25AM,Energizer Holdings: Q3 Earnings Insights
EPC,Aug-04-20,04:00PM,Edgewell Personal Care Co (EPC) Q3 2020 Earnings Call Transcript
EPC,Aug-04-20,04:00PM,Why Edgewell Personal Care Is Falling Today
EPC,Aug-04-20,04:00PM,Edgewell Personal Care (EPC) Q3 Earnings and Revenues Miss Estimates
EPC,Aug-04-20,04:00PM,Recap: Edgewell Personal Care Q3 Earnings
EPC,Aug-04-20,04:00PM,Edgewell Personal Care Announces Third Quarter Fiscal 2020 Results
EPC,Aug-04-20,04:00PM,Edgewell Personal Care Announces Plan to Acquire CREMO Company
EPC,Jul-29-20,12:33PM,Energizer Holdings (ENR) Reports Next Week: Wall Street Expects Earnings Growth
EPC,Jul-28-20,12:32PM,Analysts Estimate Edgewell Personal Care (EPC) to Report a Decline in Earnings: What to Look Out for
EPC,Jul-20-20,12:00PM,Edgewell Personal Care (EPC) Is Up 1.65% in One Week: What You Should Know
EPC,Jul-18-20,07:18PM,Did Hedge Funds Make The Right Call On Edgewell Personal Care Company (EPC) ?
EPC,Jul-14-20,11:50AM,Is Edgewell Personal Care (EPC) a Great Value Stock Right Now?
EPC,Jul-14-20,11:50AM,"Edgewell Personal Care Company To Webcast A Discussion Of Third Quarter Fiscal Year 2020 Results On August 4, 2020"
EPC,Jun-25-20,08:58AM,3 Battery Stocks to Watch Amid Electric Car Revolution
EPC,Jun-23-20,04:04PM,China Sales Data Point to Challenge for U.S. Personal-Care Companies
EPC,Jun-22-20,01:56PM,Edgewell Unveils Ambitious Sustainability Commitments in new Sustainable Care 2030 Strategy
EPC,Jun-15-20,07:54AM,Here is What Hedge Funds Think About Edgewell Personal Care Company (EPC)
EPC,Jun-13-20,02:43PM,Edited Transcript of EPC earnings conference call or presentation 7-May-20 12:00pm GMT
EPC,Jun-06-20,11:31AM,Why Is Energizer (ENR) Up 21.8% Since Last Earnings Report?
EPC,Jun-02-20,08:00AM,Edgewell Personal Care Announces Evolution of its Executive Leadership Structure and Team
EPC,May-29-20,11:40AM,ENR vs. PRPL: Which Stock Should Value Investors Buy Now?
EPC,May-21-20,01:10PM,"We moved quickly on creating work from home, social distancing standards: Edgewell CEO"
EPC,May-20-20,12:00PM,Edgewell Personal Care Appoints Eric O'Toole as President North America
EPC,May-20-20,12:00PM,Edgewell Personal Care Announces Upsize and Pricing of Its Unsubordinated Notes Offering
EPC,May-19-20,03:20PM,"Coronavirus update: U.S. death toll tops 91,000; Trump slams WHO, says hes taking hydroxychloroquine to stave off COVID-19"
EPC,May-19-20,03:20PM,Edgewell Personal Care Co. -- Moody's assigns Ba3 to Edgewell's notes offering; outlook stable
EPC,May-19-20,03:20PM,"Schick® Xtreme® Launches ""Shave The Day"" Mobile Game That Helps You Raise Money For The St. Baldrick's Foundation"
EPC,May-19-20,03:20PM,Edgewell Personal Care to issue $600 million in unsecured notes that mature in 2028
EPC,May-19-20,03:20PM,Edgewell Personal Care Announces Proposed Private Offering of Unsubordinated Notes
EPC,May-18-20,05:27PM,Mario Gabelli Adds to Amazon Holding in 1st Quarter
EPC,May-14-20,08:00AM,Edgewell Personal Care Announces Participation in Upcoming Investor Conferences
EPC,May-08-20,10:31AM,Energizer Holdings' (ENR) Q2 Earnings & Sales Beat Estimates
EPC,May-08-20,10:31AM,Energizer Holdings (ENR) Q2 2020 Earnings Call Transcript
EPC,May-07-20,06:00PM,Edgewell Personal Care Co (EPC) Q2 2020 Earnings Call Transcript
EPC,May-07-20,06:00PM,Edgewell Personal Care (EPC) Surpasses Q2 Earnings and Revenue Estimates
EPC,May-07-20,06:00PM,Energizer Holdings (ENR) Beats Q2 Earnings Estimates
EPC,May-07-20,06:00PM,Edgewell Personal Care Announces Second Quarter Fiscal 2020 Results
EPC,Apr-30-20,12:33PM,Energizer Holdings (ENR) Reports Next Week: Wall Street Expects Earnings Growth
EPC,Apr-30-20,12:33PM,Analysts Estimate Edgewell Personal Care (EPC) to Report a Decline in Earnings: What to Look Out for
EPC,Apr-18-20,09:36AM,Were Hedge Funds Right About Edgewell Personal Care Company (EPC)?
EPC,Apr-17-20,01:54PM,Edgewell Personal Care Co. -- Moody's announces completion of a periodic review of ratings of Edgewell Personal Care Co.
EPC,Apr-16-20,04:30PM,"Edgewell Personal Care Company To Webcast A Discussion Of Second Quarter Fiscal Year 2020 Results On May 7, 2020"
EPC,Apr-16-20,04:30PM,"Energizer (ENR) Q2 Preliminary Results Solid, View Withdrawn"
EPC,Apr-14-20,12:10PM,Why Edgewell Personal (EPC) is Poised to Beat Earnings Estimates Again
EPC,Apr-13-20,11:08AM,Moving Average Crossover Alert: Energizer
EPC,Apr-11-20,10:48AM,Some Edgewell Personal Care (NYSE:EPC) Shareholders Have Taken A Painful 80% Share Price Drop
EPC,Apr-07-20,01:50PM,"Pay cuts, big borrowing: St. Louis public companies move to address coronavirus 'uncertainty'"
EPC,Apr-02-20,09:00AM,Edgewell Personal Care Announces New $425 Million Revolving Credit Facility
EPC,Mar-25-20,08:07AM,Moving Average Crossover Alert: Edgewell Personal Care Company
EPC,Mar-06-20,10:30AM,Energizer (ENR) Down 10% Since Last Earnings Report: Can It Rebound?
EPC,Feb-18-20,12:58PM,Edgewell Personal Care Co. -- Moody's upgrades Edgewell's CFR to Ba3 following cancelled Harry's acquisition; outlook stable
EPC,Feb-14-20,02:35PM,Edited Transcript of EPC earnings conference call or presentation 10-Feb-20 1:00pm GMT
EPC,Feb-11-20,05:01AM,"Why Popeyes Sales Jumped 34%, and Two More Numbers to Know"
EPC,Feb-10-20,02:46PM,Derailed Harrys Deal Is a Warning Shot to Startup Buyers
EPC,Feb-10-20,02:46PM,"P&G competitor backs off $1.3B acquisition, faces lawsuit"
EPC,Feb-10-20,02:46PM,"Harry's Fixes Shaving, Breaks Exit Strategy"
EPC,Feb-10-20,02:46PM,Schick parent calls off $1.3B purchase of razor rival Harry's Inc.
EPC,Feb-10-20,02:46PM,Edgewell Soars After Dropping Bid for Harry's on FTC Opposition
EPC,Feb-10-20,02:46PM,"Edgewell's stock rockets after calling off Harry's merger deal, upbeat earnings"
EPC,Feb-10-20,02:46PM,Harrys threatens legal action after Edgewell scraps $1.4bn deal
EPC,Feb-10-20,02:46PM,Edgewell Personal Care to Pursue Standalone Value Creation Strategy
EPC,Feb-10-20,02:46PM,Edgewell Personal Care Announces First Quarter Fiscal 2020 Results
EPC,Feb-05-20,02:52PM,P&G competitor faces government opposition to $1.3B acquisition
EPC,Feb-03-20,12:30PM,Earnings Preview: Edgewell Personal Care (EPC) Q1 Earnings Expected to Decline
EPC,Feb-03-20,12:30PM,Schick-parent Edgewell's stock bounces off 11-year low after FTC files to block Harry's buyout
EPC,Feb-03-20,12:30PM,"Edgewell Personal Care and Harry's, Inc. Comment on FTC Decision"
EPC,Feb-03-20,12:30PM,US regulators look to block Edgewells $1.4bn deal for Harrys
EPC,Jan-20-20,02:23PM,"Edgewell Personal Care Company To Webcast A Discussion Of First Quarter Fiscal Year 2020 Results On February 10, 2020"
EPC,Dec-23-19,10:00AM,Online Retail Is Beginning to Look a Lot Like Real-World Retail
EPC,Dec-19-19,08:00AM,Edgewell Personal Care Completes the Sale of its Infant and Pet Care Business to Angelcare
EPC,Dec-10-19,11:13AM,Hedge Funds Are Dumping Edgewell Personal Care Company (EPC)
EPC,Dec-03-19,12:10PM,Varta gains conditional EU okay to buy Energizer's assets
EPC,Nov-30-19,09:01AM,Edited Transcript of EPC earnings conference call or presentation 12-Nov-19 1:00pm GMT
EPC,Nov-22-19,01:39PM,Edgewell Personal Care Announces Participation in Upcoming Investor Conferences
EPC,Nov-19-19,08:00AM,Bulldog Skincare For Men Becomes First-Ever Cruelty Free International Leaping Bunny Approved Brand To Sell In China
EPC,Nov-15-19,07:42AM,Edgewell Personal Care Company Just Released Its Annual Earnings: Here's What Analysts Think
EPC,Nov-14-19,06:11AM,"At US$32.21, Is It Time To Put Edgewell Personal Care Company (NYSE:EPC) On Your Watch List?"
EPC,Nov-12-19,07:30AM,Edgewell Personal Care (EPC) Q4 Earnings Beat Estimates
EPC,Nov-12-19,07:30AM,Edgewell Personal Care Announces Fourth Quarter and Fiscal 2019 Results and Provides Fiscal Year 2020 Financial Outlook
EPC,Nov-05-19,10:33AM,Earnings Preview: Edgewell Personal Care (EPC) Q4 Earnings Expected to Decline
EPC,Oct-26-19,12:45PM,Were Hedge Funds Right About Flocking Into Edgewell Personal Care Company (EPC)?
ADS,Nov-07-20,07:15AM,Alliance Data Systems Corporation (NYSE:ADS) Goes Ex-Dividend Soon
ADS,Nov-02-20,10:04AM,What Pullback? JPMorgan Says These 2 Stocks Could Surge Over 60%
ADS,Oct-30-20,05:30PM,Alliance Data Systems Corp (ADS) Q3 2020 Earnings Call Transcript
ADS,Oct-29-20,05:49PM,Alliance Data Systems Shares Surge on Impressive Results
ADS,Oct-29-20,05:49PM,"Alliance Data (ADS) Q3 Earnings, Revenues Beat Estimates"
ADS,Oct-29-20,05:49PM,Alliance Data Systems (ADS) Q3 Earnings and Revenues Surpass Estimates
ADS,Oct-29-20,05:49PM,Alliance Data Provides Card Services Performance Update For September 2020
ADS,Oct-29-20,05:49PM,Alliance Data Reports Third Quarter Results
ADS,Oct-29-20,05:49PM,Alliance Data Signs Definitive Agreement to Acquire Bread®
ADS,Oct-29-20,05:49PM,Alliance Data Declares Dividend on Common Stock
ADS,Oct-26-20,09:31AM,What in the Cards for Alliance Data's (ADS) Q3 Earnings?
ADS,Oct-22-20,12:33PM,Earnings Preview: Alliance Data Systems (ADS) Q3 Earnings Expected to Decline
ADS,Oct-22-20,12:33PM,Alliance Data Selects Fiserv for Credit Processing Services
ADS,Oct-13-20,03:47PM,Why Morgan Stanley's Bullish On Alliance Data Systems
ADS,Oct-09-20,06:23AM,Is Alliance Data Systems Corporation's (NYSE:ADS) 28% ROE Better Than Average?
ADS,Oct-06-20,07:30AM,"Alliance Data Schedules Third-Quarter 2020 Earnings Conference Call For October 29, 2020"
ADS,Oct-01-20,07:30AM,"Alliance Data Launches Market-Leading Online Payment Features with Enhanced Digital Suite, Driving Customer Acquisition and Spend"
ADS,Sep-30-20,08:49AM,How Alliance Data (ADS) Stock Stands Out in a Strong Industry
ADS,Sep-29-20,11:03AM,Reasons Why Investors Should Hold Alliance Data (ADS) Stock
ADS,Sep-21-20,12:15PM,Lego partners with Adidas for latest take on a popular shoe
ADS,Sep-17-20,08:30AM,Alliance Data Systems Corporation Announces Proposed Offering of $500 Million of Senior Notes
ADS,Sep-16-20,03:19PM,Do Hedge Funds Love Alliance Data Systems Corporation (ADS)?
ADS,Sep-14-20,07:30AM,Alliance Data Provides Card Services Performance Update For August 2020
ADS,Sep-10-20,09:24AM,Kohl's and Adidas partner with actress Zoe Saldana for athleisure line
ADS,Sep-09-20,03:19AM,How Much Is Dillistone Group Plc (LON:DSG) Paying Its CEO?
ADS,Sep-03-20,07:43AM,Would Shareholders Who Purchased Alliance Data Systems' (NYSE:ADS) Stock Five Years Be Happy With The Share price Today?
ADS,Sep-01-20,10:03AM,Alliance Data (ADS) Inks Deal to Offer Credit Card Services
ADS,Aug-31-20,07:30AM,"Alliance Data Launches New Private Label Credit Programs For Sally Beauty Holdings, Driving Customer Loyalty And Sales For Largest U.S. Distributor Of Professional Beauty Supplies"
ADS,Aug-22-20,11:30AM,Why Is Alliance Data (ADS) Down 3.5% Since Last Earnings Report?
ADS,Aug-17-20,07:30AM,Alliance Data Provides Card Services Performance Update For July 2020
ADS,Aug-08-20,08:03AM,Income Investors Should Know That Alliance Data Systems Corporation (NYSE:ADS) Goes Ex-Dividend Soon
ADS,Jul-24-20,06:59AM,Be Wary Of Alliance Data Systems (NYSE:ADS) And Its Returns On Capital
ADS,Jul-23-20,05:00PM,Alliance Data Systems Corp (ADS) Q2 2020 Earnings Call Transcript
ADS,Jul-23-20,05:00PM,"Alliance Data (ADS) Q2 Earnings Beat Estimates, Decline Y/Y"
ADS,Jul-23-20,05:00PM,Alliance Data Systems (ADS) Surpasses Q2 Earnings Estimates
ADS,Jul-23-20,05:00PM,Recap: Alliance Data Systems Q2 Earnings
ADS,Jul-23-20,05:00PM,Alliance Data Provides Card Services Performance Update For June 2020
ADS,Jul-23-20,05:00PM,Alliance Data Reports Second Quarter Results
ADS,Jul-23-20,05:00PM,Alliance Data Declares Dividend on Common Stock
ADS,Jul-20-20,09:25AM,Alliance Data (ADS) to Report Q2 Earnings: What's in Store?
ADS,Jul-16-20,12:32PM,Earnings Preview: Alliance Data Systems (ADS) Q2 Earnings Expected to Decline
ADS,Jul-13-20,10:30AM,Did Hedge Funds Make The Right Call On Alliance Data Systems Corporation (ADS) ?
ADS,Jul-08-20,12:49PM,Brooks Brothers files for bankruptcy as its take on office gear falls out of step with more casual trends
ADS,Jul-07-20,01:34PM,5 Financial Companies Expanding Book Value
ADS,Jul-01-20,12:44PM,"Gap hopes it can burnish its image with a new Kanye West clothing line, repeating the rappers brand success with Adidas"
ADS,Jun-29-20,07:30AM,"Alliance Data Schedules Second-Quarter 2020 Earnings Conference Call For July 23, 2020"
ADS,Jun-26-20,12:15PM,Should You Be Tempted To Sell Alliance Data Systems (ADS) Stock
ADS,Jun-24-20,11:40AM,ADS or FLT: Which Is the Better Value Stock Right Now?
ADS,Jun-24-20,11:40AM,Dick's Sporting Goods upgraded on potential market share gains in sneaker sales
ADS,Jun-23-20,12:07PM,Why Should You Hold Alliance Data (ADS) in Your Portfolio?
ADS,Jun-18-20,01:14PM,Thursday Morning Market Highlights
ADS,Jun-15-20,07:30AM,Alliance Data Provides Card Services Performance Update For May 2020
ADS,Jun-12-20,06:18PM,"S&P Dow Jones Indices Announces Tyler Technologies, Bio-Rad Laboratories and Teledyne Technologies Set to Join S&P 500; Others to Join S&P MidCap 400 and S&P SmallCap 600"
ADS,Jun-12-20,06:18PM,Friday Morning Market Highlights
ADS,Jun-12-20,06:18PM,Hedge Funds Dumped Alliance Data Systems Corporation (ADS) Big Time
ADS,Jun-11-20,12:34PM,Thursday Morning Market Highlights
ADS,Jun-10-20,07:24PM,Edited Transcript of ADS earnings conference call or presentation 23-Apr-20 12:30pm GMT
ADS,Jun-10-20,07:24PM,"Alliance Data Stockholders Elect John C. Gerspach, Jr. And Rajesh Natarajan To Board Of Directors"
ADS,Jun-09-20,07:30AM,"Alliance Data Releases 2019 Environmental, Social And Governance (ESG) Performance Report"
ADS,Jun-08-20,04:19PM,Investors overreaction creates short-term opportunities in stocks
ADS,Jun-03-20,12:51PM,Wednesday Morning Market Highlights
ADS,Jun-03-20,12:51PM,Is Alliance Data Systems (ADS) a Great Value Stock Right Now?
ADS,Jun-02-20,11:40AM,ADS vs. FISV: Which Stock Should Value Investors Buy Now?
ADS,Jun-01-20,12:31PM,Monday Morning Market Highlights
ADS,May-27-20,01:07PM,Wednesday Morning Market Highlights
ADS,May-27-20,01:07PM,Foot Locker focuses on shoes but shoppers want fitness apparel during coronavirus lockdowns
ADS,May-26-20,01:53PM,Tuesday Morning Market Highlights
ADS,May-23-20,11:30AM,Why Is Alliance Data (ADS) Up 4.1% Since Last Earnings Report?
ADS,May-20-20,07:30AM,Alliance Data To Participate At The Deutsche Bank Global Financial Services Conference
ADS,May-16-20,01:45PM,Wall Street sees plenty of upside for these downtrodden tech stocks
ADS,May-15-20,07:30AM,Alliance Data Provides Card Services Performance Update For April 2020
ADS,May-14-20,04:30PM,"Alliance Data 2020 Annual Meeting of Stockholders Changed to Virtual-Only Format for June 9, 2020"
ADS,May-13-20,09:06AM,Alliance Data Systems (ADS) Problems Dont Stop at Coronavirus
ADS,May-07-20,11:40AM,Bestinfond Adds 3 Stocks to Portfolio in 1st Quarter
ADS,May-06-20,12:01PM,Tao Values Latest Views on Credit Acceptance (CACC) and Alliance Data Systems (ADS) Stocks
ADS,Apr-28-20,05:24PM,Wall Street Turns Red on Tuesday
ADS,Apr-23-20,11:07AM,"Alliance Data (ADS) Misses on Q1 Earnings, Suspends '20 View"
ADS,Apr-23-20,11:07AM,Recap: Alliance Data Systems Q1 Earnings
ADS,Apr-23-20,11:07AM,Alliance Data Systems (ADS) Lags Q1 Earnings Estimates
ADS,Apr-23-20,11:07AM,Alliance Data Provides Card Services Performance Update For March 2020
ADS,Apr-23-20,11:07AM,Alliance Data Reports First Quarter Results
ADS,Apr-23-20,11:07AM,Alliance Data Declares Dividend on Common Stock
ADS,Apr-21-20,12:35PM,New Strong Sell Stocks for April 21st
ADS,Apr-20-20,10:03AM,What's in the Cards for Alliance Data (ADS) Q1 Earnings?
ADS,Apr-16-20,12:31PM,Alliance Data Systems (ADS) Reports Next Week: Wall Street Expects Earnings Growth
ADS,Apr-15-20,01:40PM,"The Parnassus Fund Exits Alliance Data Systems, CVS"
ADS,Apr-07-20,06:08PM,European and Asian Markets Green on Tuesday
ADS,Apr-04-20,03:35PM,Invest in Exclusivity for Unfair Advantages
ADS,Apr-02-20,07:22PM,S&P 500 Stocks Hanging by a Thread as Macy's Is Booted Off
ADS,Apr-01-20,07:30AM,"Alliance Data Schedules First-Quarter 2020 Earnings Conference Call For April 23, 2020"
ADS,Mar-31-20,10:21AM,New Strong Sell Stocks for March 31st
ADS,Mar-27-20,11:10AM,Reasons Why Investors Should Hold Alliance Data (ADS) Stock
ADS,Mar-26-20,03:48PM,Hedge Funds Have Never Been This Bullish On Alliance Data Systems Corporation (ADS)
ADS,Mar-26-20,03:48PM,"Alliance Data moving 600 Westerville jobs to Easton, projects stable finances amid pandemic"
ADS,Mar-23-20,02:42PM,"High-Beta, Low-Risk Stocks"
ADS,Mar-22-20,08:05AM,"Trade Alert: The Non-Executive Chairman Of Alliance Data Systems Corporation (NYSE:ADS), Robert Minicucci, Has Just Spent US$290k Buying Shares"
ADS,Mar-19-20,05:25PM,Alliance Data Provides Update On Current Impact of COVID-19
ADS,Mar-17-20,11:50AM,Gap and Adidas stores still operating as a slew of other consumer businesses close due to coronavirus
ADS,Mar-17-20,11:50AM,These 64 stocks in the S&P 500 fell at least 20% on Monday as the coronavirus panic intensified
ADS,Mar-16-20,07:30AM,Alliance Data Provides Card Services Performance Update For February 2020
AMD,Nov-11-20,03:56PM,"Apple is taking control, and a risky bet, with its M1 chip"
AMD,Nov-11-20,03:56PM,"Dow Jones Rallies 150 Points, As Tech Stocks Snap Back; Apple, Tesla Rebound, But Datadog Plunges On Earnings"
AMD,Nov-11-20,03:56PM,"Model N (MODN) Q4 Earnings Beat, Stock Down on Bleak View"
AMD,Nov-11-20,03:56PM,2 Growth Stocks I'd Buy Right Now
AMD,Nov-11-20,03:56PM,IBM and AMD Begin Cooperation on Cybersecurity and AI
AMD,Nov-11-20,03:56PM,"Dow Jones Futures Rise 200 Points, While Tech Futures Jump As Stock Market Rotation Continues; 6 Tech Giants Sell Off"
AMD,Nov-11-20,03:56PM,"IBM and AMD will work together on security, artificial intelligence"
AMD,Nov-11-20,03:56PM,IBM and AMD Announce Joint Development Agreement to Advance Confidential Computing for the Cloud and Accelerate Artificial Intelligence
AMD,Nov-10-20,02:47PM,"Apple announces its first-ever M1 processor, coming to MacBooks and Macs"
AMD,Nov-10-20,02:47PM,"Why Shares of Zoom, Pinterest, and Advanced Micro Devices Fell Today"
AMD,Nov-10-20,02:47PM,What To Make Of An Irrational Stock Market
AMD,Nov-10-20,02:47PM,"Dow Jones Jumps 275 Points, But Tech Sell-Off Continues; Beyond Meat Plunges 24% On Earnings"
AMD,Nov-10-20,02:47PM,AMD Unveils AMD Ryzen Embedded V2000 Processors with Enhanced Performance and Power Efficiency
AMD,Nov-09-20,04:28PM,Apple 'One More Thing' Mac event: What to expect
AMD,Nov-09-20,04:28PM,Marvell Stock Shows Rising Price Performance With Jump To 93 RS Rating
AMD,Nov-09-20,04:28PM,"Top Stock Reports for NVIDIA, Netflix & Starbucks"
AMD,Nov-09-20,04:28PM,Q3 Solid Earnings Push Semiconductor ETFs to New Highs
AMD,Nov-09-20,04:28PM,"Silicon Laboratories Shows Rising Relative Strength, Gets A Stock Upgrade"
AMD,Nov-09-20,04:28PM,Advanced Micro Devices Holds Support
AMD,Nov-07-20,09:30AM,The Reviews Are in: AMD Is the New Gaming CPU King
AMD,Nov-07-20,09:30AM,Nvidia Breaks Out After Early Entry; Microsoft Leads Tech Giants Offering Multiple Buy Points
AMD,Nov-06-20,03:38PM,AMD Stock Is Higher on Another Upgrade to Buy
AMD,Nov-06-20,03:38PM,AMD Shares Rise on Wells Fargo Upgrade to Overweight
AMD,Nov-06-20,03:38PM,AMD stock gains after Wells Fargo upgrade
AMD,Nov-06-20,03:38PM,Nvidia May Need to Get Worse Before it Gets Better
AMD,Nov-06-20,03:38PM,Qualcomm Shows Market Leadership With Jump To 93 RS Rating
AMD,Nov-06-20,03:38PM,"Realogy Holdings, Hawaiian Holdings, Intel, NVIDIA and Advanced Micro Devices highlighted as Zacks Bull and Bear of the Day"
AMD,Nov-05-20,10:41AM,Intel (INTC) Spruces Up AI Capabilities to Challenge AMD & NVDA
AMD,Nov-05-20,10:41AM,Microsoft Xbox Series X Review: Tons of power and potential at a price
AMD,Nov-05-20,10:41AM,Is Intel Stock A Buy Right Now? Here's What IBD Charts Show
AMD,Nov-04-20,05:26PM,Why AMD Stock Popped Today
AMD,Nov-04-20,05:26PM,"Nasdaq, S&P Have Best Day After Election Performance on Record"
AMD,Nov-04-20,05:26PM,"Dow Jones Surges 600 Points, While Tech Stocks Soar; Trump Claims Big Win, But Election Results Unclear"
AMD,Nov-04-20,05:26PM,"Goldman's Semiconductor Pair Trade: Buy AMD, Sell Intel"
AMD,Nov-04-20,05:26PM,"China, Semiconductor Industry Await Outcome Of U.S. Presidential Election"
AMD,Nov-04-20,05:26PM,"Benzinga's Top Upgrades, Downgrades For November 4, 2020"
AMD,Nov-04-20,05:26PM,"Dow Jones Today, Stocks Soar; Biden Vs. Trump Down To The Wire; AMD Gets Goldman Upgrade"
AMD,Nov-04-20,05:26PM,AMD Higher as Goldman Upgrades to Buy on Valuation
AMD,Nov-04-20,05:26PM,Is AMD Stock A Buy Right Now? Here's What IBD Charts Show
AMD,Nov-03-20,05:49PM,"XILINX INVESTOR ALERT by the Former Attorney General of Louisiana: Kahn Swick & Foti, LLC Investigates Adequacy of Price and Process in Proposed Sale of Xilinx, Inc. - XLNX"
AMD,Nov-03-20,05:49PM,Is AMD About to Bury NVIDIA With Its Latest RX 6000 Graphics Cards?
AMD,Nov-02-20,01:59PM,"Dow Jones Surges as Intel Stock Upgraded, Apple Warns About App Store Fees"
AMD,Nov-02-20,01:59PM,"ALERT: Halper Sadeh LLP Reminds Shareholders About Its Ongoing Merger Investigations; Investors are Encouraged to Contact the Firm -- WPX, GLIBA, AMD, DNKN"
AMD,Nov-02-20,01:59PM,This Top Growth Stock Could Double Once Again
AMD,Nov-02-20,01:59PM,AMD May Finally Dethrone NVIDIA
AMD,Nov-02-20,01:59PM,Is Now the Time to Buy These 3 Beaten Down Stocks of the Dow Jones Industrial Average?
AMD,Oct-30-20,07:28PM,"After Taking Intel Out, Is AMD About to Dethrone Nvidia? Analyst Weighs In"
AMD,Oct-30-20,07:28PM,AMD Has Big Ambitions. Why Thats Becoming a Risk for the Stock.
AMD,Oct-30-20,07:28PM,"Stock Market Rally Dives On Coronavirus Fears, Apple, Microsoft, Facebook, Amazon Earnings: Weekly Review"
AMD,Oct-30-20,07:28PM,"Lifshitz Law Firm, P.C. Announces Investigation of Perceptron, Inc., Standard AVB Financial Corp., Virtusa Corporation and Xilinx, Inc."
AMD,Oct-30-20,07:28PM,The Great Chip Consolidation: Who's Next?
AMD,Oct-30-20,07:28PM,ETFs to Gain as Marvell's Inphi Buyout Creates $40B Giant
AMD,Oct-30-20,07:28PM,"Zacks Value Trader Highlights: Advanced Micro Devices, NVIDIA, Wingstop, Domino's Pizza and Chipotle Mexican Grill"
AMD,Oct-29-20,03:22PM,Could A Cash-Secured Put In IBD 50 Member AMD Produce A $600 Profit In 5-1/2 Months?
AMD,Oct-29-20,03:22PM,"SHAREHOLDER ALERT: Monteverde & Associates PC Announces an Investigation of Advanced Micro Devices, Inc. - AMD"
AMD,Oct-29-20,03:22PM,What Stocks Should be on Your Wish List?
AMD,Oct-29-20,03:22PM,Acadian Timber Corp.to Host Earnings Call
AMD,Oct-29-20,03:22PM,"Hedge Funds Piled Into Xilinx, Inc. (XLNX) Months Before The Merger Announcement"
AMD,Oct-29-20,03:22PM,Looking Into Advanced Micro Devices's Return On Capital Employed
AMD,Oct-29-20,03:22PM,"AMD Merger Investigation: Halper Sadeh LLP Announces Investigation Into Whether the Merger of Advanced Micro Devices, Inc. Is Fair to Shareholders; Investors Are Encouraged to Contact the Firm  AMD"
AMD,Oct-29-20,03:22PM,Marvell Tech to acquire Inphi in stock-and-cash deal that is second in chip sector this week
AMD,Oct-29-20,03:22PM,Is Advanced Micro Devices (NASDAQ:AMD) Using Too Much Debt?
AMD,Oct-29-20,03:22PM,Marvell Agrees to Buy Chip Maker Inphi for $10 Billion
AMD,Oct-28-20,10:13PM,Marvell Nears Deal to Acquire Inphi for $10 Billion
AMD,Oct-28-20,10:13PM,"Xilinx, Inc. -- Moody's places Xilinx under review for downgrade following announced acquisition by Advanced Micro Devices"
AMD,Oct-28-20,10:13PM,AMD Dropped on Its Big Xilinx Merger. Why Some Analysts Are Cheering the Stock.
AMD,Oct-28-20,10:13PM,AMD Unveils Next-Generation PC Gaming with AMD Radeon RX 6000 Series  Bringing Leadership 4K Resolution Performance to AAA Gaming
AMD,Oct-28-20,10:13PM,"AMD Analysts See Momentum Ahead, With Xilinx Deal Expanding Market Opportunity"
AMD,Oct-28-20,10:13PM,"Benzinga's Top Upgrades, Downgrades For October 28, 2020"
AMD,Oct-28-20,10:13PM,"Advanced Micro Devices, Inc. -- Moody's places Advanced Micro Devices on review for upgrade following announced acquisition of Xilinx"
AMD,Oct-28-20,10:13PM,AMD's $649 Radeon RX 6800XT will take on NVIDIA's RTX 3080
AMD,Oct-28-20,10:13PM,[video]AMD Could Break Its September Lows and More
AMD,Oct-28-20,10:13PM,"AMD, Tesla, JD.com Struggle With Early Buy Points, But This Is The Real Problem"
AMD,Oct-28-20,10:13PM,"Stock Market News for Oct 28, 2020"
AMD,Oct-28-20,10:13PM,Microsoft beats expectations on cloud strength
AMD,Oct-28-20,10:13PM,"Zacks Investment Ideas feature highlights: Advanced Micro Devices, Xilinx, Analog Devices, Maxim Integrated Products and Taiwan Semiconductor Manufacturing Company"
AMD,Oct-28-20,10:13PM,Advanced Micro Devices (AMD) Shareholders Head for Exits
AMD,Oct-28-20,10:13PM,Advanced Micro Devices (AMD) Q3 2020 Earnings Call Transcript
AMD,Oct-28-20,10:13PM,'Trading Nation' Traders Weigh In On AMD
AMD,Oct-27-20,09:03PM,AMDs $35 Billion Deal Pushes 2020 Toward a Record for Chip M&A
AMD,Oct-27-20,09:03PM,Looking for Leadership: Cramer's 'Mad Money' Recap (Tuesday 10/27/20)
AMD,Oct-27-20,09:03PM,"AMD, Tesla, JD.com, Inphi Struggle With Early Buy Points, But This Is The Real Problem"
AMD,Oct-27-20,09:03PM,"Dow Jones Futures Slide After Apple, Tesla Lead Tech Rally; Microsoft Earnings Smash Estimates, While First Solar Surges"
AMD,Oct-27-20,09:03PM,Why Xilinx Stock Jumped Today
AMD,Oct-27-20,09:03PM,Jim Cramer: Bank With Advanced Micro's Lisa Su and Go Along for the Ride
AMD,Oct-27-20,09:03PM,"Jim Cramer Talks AMD, Inovio And Honda Motors"
AMD,Oct-27-20,09:03PM,S&P 500 Tumbles: Tech Stocks Gain but Everything Else Falls
AMD,Oct-27-20,09:03PM,What To Make Of AMD's Acquisition of Xilinx
AMD,Oct-27-20,09:03PM,AMDs Lisa Su Redoubles Intel Challenge With Record Xilinx Deal
AMD,Oct-27-20,09:03PM,Stock Market Today: Bearish Tone Remains as COVID Picture Worsens
AMD,Oct-27-20,09:03PM,AMD Buying Xilinx For $35 Billion To Expand Data Center Business
AMD,Oct-27-20,09:03PM,"AMD smells Intels blood in the water, and strikes with Xilinx deal"
AMD,Oct-27-20,09:03PM,Nasdaq Defies Downturn as AMD Buys Xilinx
AMD,Oct-27-20,09:03PM,AMD Earnings: What Happened with AMD
AMD,Oct-27-20,09:03PM,"AMD to buy Xilinx in $35B deal, expanding chip business"
AMD,Oct-27-20,09:03PM,"XILINX ALERT: Bragar Eagel & Squire, P.C. Investigates Sale of XLNX and Encourages Investors to Contact the Firm"
AMD,Oct-27-20,09:03PM,Dow Jones Dips While Nasdaq Leads Market Higher; Tinder Parent Match Group Breaks Out
AMD,Oct-27-20,09:03PM,"AMD Buys Xilinx for $35 Billion, Posts Better-Than-Expected Profit"
AMD,Oct-27-20,09:03PM,"Stock Market Today With Jim Cramer: Buy the AMD, Xilinx Deal"
AMD,Oct-27-20,09:03PM,AMD CEO Lisa Su Says the Xilinx Deal Is Transformational
WMT,Nov-11-20,08:13PM,ByteDance Desperate for Extension as TikTok Sale Deadline Hits
WMT,Nov-11-20,08:13PM,"Bye, Tariff Man. Bidens India Play Must Be Apps"
WMT,Nov-11-20,08:13PM,"Dow Jones Stocks To Buy And Watch In November 2020: Apple, Microsoft Offer New Buy Points"
WMT,Nov-11-20,08:13PM,"General Motors, Walmart Collaborate to Test Driverless Deliveries"
WMT,Nov-11-20,08:13PM,Oak Street Health Is IBD Stock Of The Day; OSH Stock Nears Buy Point Amid Medicare Opportunity
WMT,Nov-11-20,08:13PM,"Dow Jones Rises While Nasdaq Leads Market, Recovers Losses; This Retailer Breaks Out"
WMT,Nov-11-20,08:13PM,Walmart (WMT) Ups Delivery Game Again With Cruise Alliance
WMT,Nov-11-20,08:13PM,Walmart Partners With GM Cruise To Test Grocery Delivery Via All-Electric Self-Driving Cars
WMT,Nov-11-20,08:13PM,Asias Richest Man Takes on Amazon in Indias Booming Online Market
WMT,Nov-10-20,10:10PM,ByteDance Asks U.S. Court to Intervene in Forced TikTok Sale
WMT,Nov-10-20,10:10PM,Asias Richest Man Takes on Amazon in Indias Booming Online Market
WMT,Nov-10-20,10:10PM,"Dow Jones Rises While Tech Stocks, Coronavirus Plays Sell Off"
WMT,Nov-10-20,10:10PM,3 Retail Stocks With Covid Vaccine Upside  and 3 to Avoid
WMT,Nov-10-20,10:10PM,Beyond Meat's Wild Ride Goes Beyond McPlant
WMT,Nov-10-20,10:10PM,General Motors Shares Up as UBS Raises Target on EV Strategy
WMT,Nov-10-20,10:10PM,Walmart Teams Up With GM's Cruise on Self-Driving Deliveries
WMT,Nov-10-20,10:10PM,Walmart (WMT) Earnings Expected to Grow: What to Know Ahead of Next Week's Release
WMT,Nov-10-20,10:10PM,GMs Cruise and Walmart Team Up for Driverless Delivery
WMT,Nov-10-20,10:10PM,Walmart partners with GM's Cruise on self-driving delivery pilot in AZ
WMT,Nov-10-20,10:10PM,Walmart partners with GM's Cruise on self-driving delivery pilot in AZ
WMT,Nov-10-20,10:10PM,Walmart and Cruise partner to test autonomous grocery delivery in Arizona
WMT,Nov-10-20,10:10PM,Walmart to pilot self-driving electric cars for delivery next year
WMT,Nov-10-20,10:10PM,CORRECTED-Walmart partners with GM's Cruise on self-driving delivery pilot in AZ
WMT,Nov-10-20,10:10PM,"Walmart to Host Third Quarter Earnings Conference Call on Nov. 17, 2020"
WMT,Nov-09-20,06:17PM,V.F. Corp CEO: Why we bought Supreme for $2.1 billion
WMT,Nov-09-20,06:17PM,Walmart (WMT) Stock Sinks As Market Gains: What You Should Know
WMT,Nov-09-20,06:17PM,COVID-19 economy: Hostess sees jumbo donuts fly off the shelves as pandemic rages on
WMT,Nov-09-20,06:17PM,ISOPURE® Unflavored & Vanilla Protein Powders Now Available In Select Walmart Stores
WMT,Nov-08-20,06:07PM,Clash of consoles: New PlayStation and Xbox enter $150 billion games arena - fight!
WMT,Nov-08-20,06:07PM,FOCUS-Clash of consoles: New PlayStation and Xbox enter $150 billion games arena - fight!
WMT,Nov-08-20,06:07PM,3 Top Retail Stocks to Watch In November
WMT,Nov-08-20,06:07PM,Walmart To Record $1B Loss From Argentina Business Sale
WMT,Nov-07-20,11:42AM,Biden Has Won the Most Extraordinary Election of Our Time. What Comes Next.
WMT,Nov-07-20,11:42AM,Kohls made unimaginable decisions to get through coronavirus: Michelle Gass
WMT,Nov-06-20,05:42PM,Walmart Sells Its Argentina Business
WMT,Nov-06-20,05:42PM,"PetSmart, Inc. -- Moody's changes PetSmart's outlook to stable; affirms B2 CFR"
WMT,Nov-06-20,05:42PM,Walmart Joins Argentina Corporate Exodus After Selling Unit
WMT,Nov-06-20,05:42PM,Walmart Plans to Sell Argentina Business
WMT,Nov-06-20,05:42PM,3 High Return on Equity Ratio Stock Picks to Consider
WMT,Nov-06-20,05:42PM,"Mattel CEO: Barbie, Hot Wheels, 'are resonating' with consumers during pandemic"
WMT,Nov-06-20,05:42PM,"Walmart to sell operations in recession-hit Argentina, taking $1 billion hit"
WMT,Nov-06-20,05:42PM,Amazon a friend to department store giant Kohls: Michelle Gass
WMT,Nov-06-20,05:42PM,"Facebook Racks Up India Wins With WhatsApp Permit, Ambani Deal"
WMT,Nov-05-20,11:31PM,"National Vision Holdings, Inc. (EYE) Q3 2020 Earnings Call Transcript"
WMT,Nov-05-20,11:31PM,TikTok Parent ByteDance Seeks to Raise Cash at $180 Billion Valuation
WMT,Nov-05-20,11:31PM,"Coupa Stock Pops, Retail Giant Walmart To Use Business Spending Software"
WMT,Nov-05-20,11:31PM,Here's Why Coupa Software Stock Jumped Today
WMT,Nov-05-20,11:31PM,Google and Walmart face growth hurdles as India caps payments transactions
WMT,Nov-05-20,11:31PM,Coupa Software Jumps on News of Walmart Agreement
WMT,Nov-05-20,11:31PM,Influencers with Andy Serwer: Michelle Gass
WMT,Nov-05-20,11:31PM,Coupa Software's stock soars after selection by Walmart to update payment processes
WMT,Nov-05-20,11:31PM,Coronavirus dramatically accelerated e-commerce by 5+ years: Kohl's CEO
WMT,Nov-04-20,04:52PM,"JD.com, IBD Stock Of The Day, Jumps Into Buy Zone, Hits New High"
WMT,Nov-04-20,04:52PM,Heres Everything You Need to Know About Ants Pulled IPO
WMT,Nov-04-20,04:52PM,Comcast In Talks With Walmart To Develop Smart TVs  Report
WMT,Nov-03-20,10:17PM,"China Halts Ant Groups IPO, Throwing Ma Empire Into Turmoil"
WMT,Nov-03-20,10:17PM,Heres Everything You Need to Know About Ant Groups Pulled IPO
WMT,Nov-03-20,10:17PM,Report: Walmart and Comcast in Discussions to Make Smart TVs
WMT,Nov-03-20,10:17PM,"Comcast, Walmart Have Had Exploratory Talks About Producing a Smart TV"
WMT,Nov-03-20,10:17PM,"Walmart, Comcast in Talks to Develop Smart TVs; Roku Slides"
WMT,Nov-03-20,10:17PM,Roku Dips As Comcast Could Be Eyeing Smart TV Market
WMT,Nov-03-20,10:17PM,Dow Jones Soars on Election Day; Walmart Ends Robot Initiative; Nike Plans More Layoffs
WMT,Nov-03-20,10:17PM,COVID-19 economy: America's furniture-buying binge rages on
WMT,Nov-03-20,10:17PM,"Walmart, Comcast in talks to develop and distribute smart TVs: WSJ"
WMT,Nov-03-20,10:17PM,"Walmart Ditches Robots, Sticks With Humans for Inventory Control"
WMT,Nov-03-20,10:17PM,Walmart scraps robot scanner plans
WMT,Nov-03-20,10:17PM,Magic Johnson Selling Gels Shows Why Alibaba Escaped Trump
WMT,Nov-03-20,10:17PM,Ant Group Trades at 50% Premium in Hong Kong Gray Market
WMT,Nov-03-20,10:17PM,Walmart drops inventory robots from its stores
WMT,Nov-02-20,10:46PM,Walmart Ditches Inventory-Tracking Robots In Favor Of Humans: WSJ
WMT,Nov-02-20,10:46PM,Walmart reportedly ends contract with inventory robotics startup Bossa Nova
WMT,Nov-02-20,10:46PM,Walmart Ends Long-Standing Robot Inventory Project
WMT,Nov-02-20,10:46PM,Walmart (WMT) Gains But Lags Market: What You Should Know
WMT,Nov-02-20,10:46PM,'We're not backing down': Amazon workers want paid time off to vote in 2020 elections
WMT,Nov-02-20,10:46PM,Is Walmart Stock A Buy As The Dow Jones Giant Steps Up Amazon Fight?
WMT,Nov-02-20,10:46PM,Walmart drops plans to use robots for tracking inventory
WMT,Nov-02-20,10:46PM,Rubbermaid maker Newell Brands CEO: 'The at-home consumption trends are continuing'
WMT,Nov-02-20,10:46PM,Will Walmart (WMT) Beat Estimates Again in Its Next Earnings Report?
WMT,Nov-02-20,10:46PM,Jack Ma Summoned by Chinas Regulators on Eve of Ant Debut
WMT,Nov-02-20,10:46PM,TikTok Scores New Deal With Sony  Home of Beyonce and Travis Scott
WMT,Nov-02-20,10:46PM,You're Smart to Stock Up on Walmart
WMT,Oct-31-20,12:09PM,Should You Buy Costco Before There's a Coronavirus Vaccine?
WMT,Oct-31-20,12:09PM,Walmart to Return Firearms and Ammunition to Shelves
WMT,Oct-30-20,11:35PM,"Walmart begins returning firearms, ammunition to U.S. store floors"
WMT,Oct-30-20,11:35PM,Trump TikTok Restrictions Blocked by Judge in Win for Users
WMT,Oct-30-20,11:35PM,Trumps TikTok Ban Halted by Federal Judge in Victory for Three Creators Who Sued Administration
WMT,Oct-30-20,11:35PM,Wells Fargo Senior Economist on what to expect from holiday retail sales
WMT,Oct-30-20,11:35PM,Walmart to return firearms and ammunition to sales floor today
WMT,Oct-30-20,11:35PM,Walmart to return firearms to the sales floor today as social unrest remains 'geographically isolated'
WMT,Oct-30-20,11:35PM,"Walmart Removes Guns, Ammunition From Displays Before Election"
WMT,Oct-30-20,11:35PM,MoneyGram Reports 111 Pct Online D2C Growth
WMT,Oct-30-20,11:35PM,"News On The Move: Clemson QB contracts Covid-19, Walmart pulls guns off sales floor"
WMT,Oct-30-20,11:35PM,Understanding Walmart's Unusual Options Activity
WMT,Oct-30-20,11:35PM,Walmart Removes All Guns and Ammo From Sales Floors of All U.S. Stores
WMT,Oct-30-20,11:35PM,Walmart unit Sam's Club partners with DoorDash to deliver medicines
WMT,Oct-30-20,11:35PM,Walmart unit Sam's Club partners with DoorDash to deliver medicines
WMT,Oct-30-20,11:35PM,Sam's Club Teams Up with DoorDash For Same Day Pharmaceutical Deliveries
WMT,Oct-29-20,09:32PM,"Walmart Pulls Guns, Ammunition Off US Shelves On Fears Of Civil Unrest, Theft"
WMT,Oct-29-20,09:32PM,"Walmart pulls guns, ammo from shelves ahead of potential civil unrest"
WMT,Oct-29-20,09:32PM,"Walmart pulls firearms, ammunition from U.S. store floors as civil unrest flares"
BDN,Oct-29-20,03:14PM,Top Stocks for November 2020
BDN,Oct-28-20,01:44PM,Top REITs for November 2020
BDN,Oct-25-20,08:10AM,Brandywine Realty Trust Just Missed Earnings And Its Revenue Numbers Were Weaker Than Expected
BDN,Oct-22-20,03:01PM,Brandywine Realty Trust (BDN) Q3 2020 Earnings Call Transcript
BDN,Oct-21-20,05:55PM,Brandywine Realty Trust (BDN) Meets Q3 FFO Estimates
BDN,Oct-21-20,05:55PM,Brandywine Realty Trust Announces Third Quarter 2020 Results and Narrows 2020 Guidance
BDN,Sep-15-20,03:41PM,"Brandywine Realty Trust Announces Common Quarterly Dividend, and Confirms Third Quarter 2020 Earnings Release and Conference Call"
BDN,Sep-12-20,10:04AM,Would Shareholders Who Purchased Brandywine Realty Trust's (NYSE:BDN) Stock Three Years Be Happy With The Share price Today?
BDN,Jul-31-20,10:16PM,"Because Working From Home Is Hot, Youll Need to Do Your Homework on Office REITs"
BDN,Jul-23-20,08:30PM,Brandywine Realty Trust (BDN) Q2 2020 Earnings Call Transcript
BDN,Jul-22-20,06:15PM,Brandywine Realty Trust (BDN) Matches Q2 FFO Estimates
BDN,Jul-22-20,06:15PM,"Brandywine Realty Trust Announces Second Quarter Results, Joint Venture of One and Two Commerce Square And Narrows 2020 Guidance"
BDN,Jul-14-20,09:33AM,"Based On Its ROE, Is Brandywine Realty Trust (NYSE:BDN) A High Quality Stock?"
BDN,Jul-10-20,06:00AM,"After 20% Plunge, REIT Dividends Appear to Have Bottomed Out. Here Are 9 JPMorgan Analysts Like."
BDN,Jul-04-20,02:46PM,Hedge Funds Are Dumping Brandywine Realty Trust (BDN)
BDN,Jun-26-20,09:59AM,Brandywine Realty (BDN) Catches Eye: Stock Jumps 9.8%
BDN,Jun-24-20,05:55PM,TopBuild Set to Join S&P MidCap 400; Retail Properties of America and Brandywine Realty Trust to Join S&P SmallCap 600
BDN,Jun-10-20,07:46PM,Edited Transcript of BDN earnings conference call or presentation 23-Apr-20 1:00pm GMT
BDN,Jun-08-20,11:30AM,Brandywine Realty Trust to Present at the Stifel 2020 Cross Sector Insight Conference
BDN,Jun-03-20,09:29AM,Edited Transcript of BDN earnings conference call or presentation 30-Jan-20 2:00pm GMT
BDN,May-20-20,02:16PM,"Brandywine Realty Trust Announces Common Quarterly Dividend, Provides Rent Receipts Update and Confirms Second Quarter 2020 Earnings Release and Conference Call"
BDN,Apr-25-20,08:35AM,Results: Brandywine Realty Trust Exceeded Expectations And The Consensus Has Updated Its Estimates
BDN,Apr-23-20,07:53PM,Spark Therapeutics takes more space at Schuylkill Yards
BDN,Apr-23-20,07:53PM,Brandywine Realty Trust to Host Earnings Call
BDN,Apr-22-20,07:25PM,Brandywine Realty Trust (BDN) Beats Q1 FFO and Revenue Estimates
BDN,Apr-22-20,07:25PM,Brandywine Realty Trust Announces First Quarter Results and Adjusts 2020 Guidance
BDN,Apr-01-20,04:37PM,These Real Estate Stocks Are Getting Hammered Because No One Knows Who Can Pay the Rent
BDN,Mar-29-20,07:04PM,Were Hedge Funds Right About Souring On Brandywine Realty Trust (BDN)?
BDN,Mar-26-20,10:36AM,Our Take On Brandywine Realty Trust's (NYSE:BDN) CEO Salary
BDN,Feb-27-20,12:15PM,Brandywine Realty Trust Announces Common Quarterly Dividend and Confirms First Quarter 2020 Earnings Release and Conference Call
BDN,Feb-24-20,09:00AM,Brandywine Realty Trust to Present at the Citi 2020 Global Property CEO Conference
BDN,Feb-19-20,07:05AM,Does The Brandywine Realty Trust (NYSE:BDN) Share Price Fall With The Market?
BDN,Feb-14-20,03:21PM,"Dechert, eying move to Schuylkill Yards, in legal staredown with state over tax credits"
BDN,Jan-29-20,06:15PM,Brandywine Realty Trust (BDN) Q4 FFO Top Estimates
BDN,Jan-29-20,06:15PM,"Brandywine Realty Trust Announces Fourth Quarter, Full Year 2019 Results and Maintains 2020 Guidance"
BDN,Jan-17-20,04:15PM,Brandywine Realty Trust Announces Tax Characteristics of Its 2019 Distributions
BDN,Jan-05-20,07:29AM,Update: Brandywine Realty Trust (NYSE:BDN) Stock Gained 20% In The Last Year
BDN,Dec-11-19,04:10PM,Hedge Funds Have Never Been More Bullish On Brandywine Realty Trust (BDN)
BDN,Dec-11-19,04:10PM,Brandywine Realty Trust Announces Common Quarterly Dividend and Confirms Fourth Quarter 2019 Earnings Release and Conference Call
BDN,Dec-06-19,02:19PM,Hedge Funds Love Meritage Homes (MTH) Way More Than These 3 Stocks
BDN,Dec-06-19,02:19PM,Here's Why I Think Brandywine Realty Trust (NYSE:BDN) Is An Interesting Stock
BDN,Nov-07-19,11:55AM,"Micro farm, wild flower meadow part of proposed Radnor office building (Gallery)"
BDN,Nov-04-19,10:38AM,Office Property Is Thriving in Big Coastal Cities. Its Tougher Everywhere Else.
BDN,Oct-31-19,06:51AM,"VP, Chief Accounting Officer & Treasurer Is The VP, Chief Accounting Officer & Treasurer of Brandywine Realty Trust (NYSE:BDN) And They Just Sold 26% Of Their Shares"
BDN,Oct-28-19,03:57PM,More skyscrapers for North Austin: Breaking down Broadmoor's first office buildings
BDN,Oct-28-19,03:57PM,FMC Tower receives a 'healthy' building certification. Here's what that means.
BDN,Oct-28-19,03:57PM,Can Brandywine Realty Trust's (NYSE:BDN) ROE Continue To Surpass The Industry Average?
BDN,Oct-23-19,02:16PM,Is Brandywine Realty Trust (BDN) A Good Stock To Buy?
BDN,Oct-22-19,11:13PM,Edited Transcript of BDN earnings conference call or presentation 18-Oct-19 1:00pm GMT
BDN,Oct-17-19,06:35PM,Brandywine Realty Trust (BDN) Q3 FFO Match Estimates
BDN,Oct-17-19,06:35PM,"Brandywine Realty Trust Announces Third Quarter 2019 Results, Narrows 2019 Guidance and Provides Initial 2020 Guidance"
BDN,Oct-16-19,08:44AM,Should You Buy Brandywine Realty Trust (BDN) Ahead of Earnings?
BDN,Oct-09-19,02:35PM,Radnor finalizes King of Prussia Road development after multi-year process
BDN,Oct-04-19,09:30AM,HT vs. BDN: Which Stock Is the Better Value Option?
BDN,Oct-03-19,06:00PM,Brandywine Realty Trust Prices $100.0 Million of 4.100% Guaranteed Notes Due 2024 and $100.0 Million of 4.550% Guaranteed Notes Due 2029
BDN,Oct-02-19,04:12PM,"Brandywine Operating Partnership, L.P. -- Moody's changes Brandywine's outlook to stable"
BDN,Sep-30-19,03:54PM,"Brandywine moves forward with huge Broadmoor redevelopment near Domain, hires brokerage"
BDN,Sep-28-19,07:58AM,Should Income Investors Look At Brandywine Realty Trust (NYSE:BDN) Before Its Ex-Dividend?
BDN,Sep-10-19,02:00PM,Brandywine Realty Trust Announces Common Quarterly Dividend and Confirms Third Quarter 2019 Earnings Release and Conference Call
BDN,Sep-10-19,02:00PM,Brandywine Realty Trust (BDN) is a Top Dividend Stock Right Now: Should You Buy?
BDN,Sep-09-19,01:51PM,"At US$14.53, Is It Time To Put Brandywine Realty Trust (NYSE:BDN) On Your Watch List?"
BDN,Aug-23-19,09:15AM,This is Why Brandywine Realty Trust (BDN) is a Great Dividend Stock
BDN,Aug-22-19,01:45PM,Brandywine's new construction at Schuylkill Yards expected next year
BDN,Aug-07-19,09:15AM,Why Brandywine Realty Trust (BDN) is a Great Dividend Stock Right Now
BDN,Jul-29-19,07:46AM,Edited Transcript of BDN earnings conference call or presentation 23-Jul-19 1:00pm GMT
BDN,Jul-24-19,02:02PM,Brandywine begins razing KoP building to make way for new one
BDN,Jul-24-19,02:02PM,How Does Investing In Brandywine Realty Trust (NYSE:BDN) Impact The Volatility Of Your Portfolio?
BDN,Jul-23-19,02:23PM,Brandywine Realty Trust (BDN) Q2 2019 Earnings Call Transcript
BDN,Jul-23-19,02:23PM,Brandywine Realty Trust to Host Earnings Call
BDN,Jul-22-19,05:35PM,Brandywine Realty Trust (BDN) Q2 FFO and Revenues Lag Estimates
BDN,Jul-22-19,05:35PM,Brandywine Realty Trust Announces Second Quarter 2019 Results and Narrows 2019 Guidance
BDN,Jul-22-19,05:35PM,Why Brandywine Realty Trust (BDN) is a Great Dividend Stock Right Now
BDN,Jul-09-19,12:38PM,First look: Brandywine's Northwest Austin office park to get much bigger
BDN,Jul-05-19,02:27PM,"Chubb, courted by developers, considers new Center City office tower"
BDN,Jul-02-19,06:29AM,Should You Invest In Brandywine Realty Trust (NYSE:BDN)?
BDN,Jun-26-19,09:15AM,Brandywine Realty Trust (BDN) is a Top Dividend Stock Right Now: Should You Buy?
BDN,Jun-23-19,03:41PM,Is Brandywine Realty Trust (BDN) A Good Stock To Buy?
BDN,Jun-11-19,06:50AM,First phase of Schuylkill Yards completed: 'A durable wow effect'
BDN,Jun-10-19,09:15AM,Why Brandywine Realty Trust (BDN) is a Top Dividend Stock for Your Portfolio
BDN,Jun-06-19,09:50AM,Is Brandywine Realty Trust (NYSE:BDN) An Attractive Dividend Stock?
BDN,May-22-19,02:30PM,Brandywine Realty Trust Announces Common Quarterly Dividend and Confirms Second Quarter 2019 Earnings Release and Conference Call
BDN,May-16-19,09:30AM,RLJ vs. BDN: Which Stock Is the Better Value Option?
BDN,May-12-19,06:42PM,Hedge Funds Have Never Been More Bullish On Brandywine Realty Trust (BDN)
BDN,May-09-19,12:51PM,Is Brandywine Realty Trust (NYSE:BDN) Potentially Underrated?
BDN,Apr-26-19,04:14AM,Edited Transcript of BDN earnings conference call or presentation 25-Apr-19 1:00pm GMT
BDN,Apr-24-19,07:43PM,Brandywine Realty Trust: 1Q Earnings Snapshot
BDN,Apr-24-19,07:43PM,Brandywine Realty Trust Announces First Quarter Results And Narrows 2019 Guidance
BDN,Apr-16-19,01:33PM,Brandywine to develop new office building in King of Prussia
BDN,Apr-11-19,08:39AM,Is Brandywine Realty Trust's (NYSE:BDN) 7.5% ROE Strong Compared To Its Industry?
BDN,Mar-28-19,11:25AM,Developers plan a pedestrian-friendly 'gateway' on the road to Nats Park
BDN,Mar-21-19,09:36AM,Redevelopment Efforts to Solidify Brandywine Office Property
BDN,Mar-19-19,11:28AM,Brandywine to overhaul sprawling Main Line office complex (Gallery)
BDN,Feb-27-19,01:28PM,Who Has Been Selling Brandywine Realty Trust (NYSE:BDN) Shares?
BDN,Feb-26-19,04:30PM,Brandywine Realty Trust to Present at the Citi 2019 Global Property CEO Conference
BDN,Feb-22-19,06:48PM,"Brandywine Realty Trust (BDN) Files 10-K for the Fiscal Year Ended on December 31, 2018"
BDN,Feb-21-19,04:03PM,CORRECTION  Brandywine Realty Trust Announces Common Quarterly Dividend and Confirms First Quarter 2019 Earnings Release and Conference Call
BDN,Feb-21-19,04:03PM,Brandywine Realty Trust Announces Common Quarterly Dividend and Confirms First Quarter 2019 Earnings Release and Conference Call
BDN,Feb-11-19,07:45AM,"Consolidated Research: 2019 Summary Expectations for Granite Point Mortgage Trust, Brandywine Realty Trust, Kraton, Century Aluminum, Rudolph Technologies, and Calyxt  Fundamental Analysis, Key Performance Indications"
BDN,Feb-04-19,12:24PM,Why Brandywine Realty passed on buying 1735 Market
BDN,Feb-04-19,12:24PM,Edited Transcript of BDN earnings conference call or presentation 31-Jan-19 2:00pm GMT
KSS,Nov-11-20,09:08AM,CSMC 2016-NXSR Commercial Mortgage Trust -- Moody's affirms eight classes of CSMC 2016-NXSR
KSS,Nov-10-20,12:30PM,Kohl's (KSS) Expected to Beat Earnings Estimates: What to Know Ahead of Q3 Release
KSS,Nov-10-20,12:30PM,Should You Sell Department Store Stocks After the Vaccine Rally?
KSS,Nov-09-20,06:17PM,V.F. Corp CEO: Why we bought Supreme for $2.1 billion
KSS,Nov-09-20,06:17PM,Vaccine Hope Sent These Retailers Soaring Monday
KSS,Nov-09-20,06:17PM,Nordstrom Stock Has Tumbled. Heres Why It Could Be Time to Buy.
KSS,Nov-08-20,07:45AM,3 Top Retail Stocks to Watch In November
KSS,Nov-07-20,09:00AM,Kohls made unimaginable decisions to get through coronavirus: Michelle Gass
KSS,Nov-07-20,09:00AM,Kohls made unimaginable decisions to get through COVID-19 pandemic: CEO
KSS,Nov-06-20,10:15AM,"Mattel CEO: Barbie, Hot Wheels, 'are resonating' with consumers during pandemic"
KSS,Nov-06-20,10:15AM,Amazon a friend to retail giant Kohls: Kohls CEO
KSS,Nov-06-20,10:15AM,Amazon a friend to department store giant Kohls: Michelle Gass
KSS,Nov-06-20,10:15AM,Kohls Kicks-Off Black Friday Early With New Ways To Save All Month Long
KSS,Nov-05-20,10:11AM,Coronavirus dramatically accelerated e-commerce up to 5+ years: Kohl's CEO
KSS,Nov-05-20,10:11AM,Influencers with Andy Serwer: Michelle Gass
KSS,Nov-05-20,10:11AM,Cherished Holiday Stories and Plush Characters Featured in Newest Kohls Cares Collection
KSS,Nov-05-20,10:11AM,Coronavirus dramatically accelerated e-commerce by 5+ years: Kohl's CEO
KSS,Nov-04-20,03:48PM,WFRBS Commercial Mortgage Trust 2013-C15 -- Moody's affirms five and downgrades three classes of WFRBS 2013-C15
KSS,Nov-03-20,02:49PM,COVID-19 economy: America's furniture-buying binge rages on
KSS,Oct-30-20,08:00AM,Kohls Gifts $5 Million to Nonprofits Nationwide This Holiday and Inspires Customers to Give With All Your Heart
KSS,Oct-28-20,10:22AM,What Kohl's' (NYSE:KSS) Returns On Capital Can Tell Us
KSS,Oct-28-20,10:22AM,Online holiday sales could hit a record $189 billion: Adobe Analytics
KSS,Oct-27-20,09:13AM,Was The Smart Money Right About Crowding Into Kohls Corporation (KSS)?
KSS,Oct-26-20,03:12PM,Walmart CEO on possible corporate tax hikes: US needs to stay competitive
KSS,Oct-26-20,03:12PM,Walmart CEO: 'The country needs to come together and solve problems'
KSS,Oct-26-20,03:12PM,Walmart CEO: The lack of stimulus is taking its toll
KSS,Oct-26-20,03:12PM,Walmart CEO: Consumers are stocking up again as coronavirus rages on
KSS,Oct-26-20,03:12PM,Etsy's (ETSY) Resilience Through the Pandemic and Beyond
KSS,Oct-23-20,06:19PM,Holiday Shopping Is Starting Early. Dont Be Fooled: Dump Department-Store Stocks Soon.
KSS,Oct-22-20,04:30PM,Why Under Armour Stock Is Due for a Monster 2021
KSS,Oct-22-20,04:30PM,Target fights off Amazon in early Black Friday battle
KSS,Oct-21-20,05:05PM,Why BofA Is Bullish On Kohl's
KSS,Oct-21-20,05:05PM,Kohl's (KSS) Introduces FLX's Products to Brand Assortment
KSS,Oct-20-20,04:57PM,How Kohls Intends to Reignite Its Womens Business
KSS,Oct-20-20,04:57PM,Kohl's Stock Goes Up as Investors Cheer New Growth Initiatives
KSS,Oct-20-20,04:57PM,Kohl's Challenges Lululemon With New Athleisure Line
KSS,Oct-20-20,04:57PM,Kohl's (KSS) Solidifies Brand Assortment With Cole Haan Launch
KSS,Oct-20-20,04:57PM,Kohls to launch private-label brand amid renewed focus on casual lifestyle merchandise
KSS,Oct-20-20,04:57PM,"Kohls Announces Launch of New Private Label, Specialty Athleisure Brand"
KSS,Oct-19-20,10:50AM,"Dillards Clears Technical Benchmark, Hitting 90-Plus RS Rating"
KSS,Oct-19-20,10:50AM,Kohls Introducing Cole Haan Next Spring
KSS,Oct-19-20,10:50AM,Kohls Partners with Iconic American Performance Lifestyle Brand Cole Haan
KSS,Oct-18-20,08:00AM,"Analyst: Holiday shopping will be 'very, very good' despite coronavirus, stimulus headwinds"
KSS,Oct-17-20,06:40AM,GS Mortgage Securities Trust 2013-GCJ16 -- Moody's affirms twelve and downgrades one class of GSMS 2013-GCJ16
KSS,Oct-17-20,06:40AM,Citigroup Commercial Mortgage Trust 2013-GC15 -- Moody's affirms eight classes of CGCMT 2013-GC15
KSS,Oct-17-20,06:40AM,WFRBS Commercial Mortgage Trust 2014-C24 -- Moody's affirms ten and downgrades two classes of WFRBS 2014-C24
KSS,Oct-16-20,02:37PM,"These 2 retailers will have terrible holiday seasons, market strategist predicts"
KSS,Oct-16-20,02:37PM,4 Biggest Consumer Goods Trends in 2020
KSS,Oct-14-20,06:51AM,"Bobbi Brown: Whether youre at home or at work, everyone wants to feel better"
KSS,Oct-14-20,06:51AM,Kohls Pivots in the Pandemic
KSS,Oct-13-20,03:31PM,Amazons Prime Day Steals Rivals Black Friday Spotlight
KSS,Oct-13-20,03:31PM,Amazon Prime Day 2020 may send more retailers into the grave
KSS,Oct-13-20,03:31PM,From Bergdorf Goodman to Walmart: Bobbi Browns newest venture is about being where our customer is
KSS,Oct-13-20,03:31PM,Kohl's (KSS) Unveils Slew of Plans to Enrich Holiday Shopping
KSS,Oct-12-20,12:36PM,This holiday season will be like 'putting a rat down a boa's mouth': retail CEO
KSS,Oct-12-20,12:36PM,"Kohls Offers Customers Great Gifts at an Incredible Value and a Safe, Convenient Shopping Experience This Holiday"
KSS,Oct-07-20,04:26PM,Dillards Shows Rising Relative Price Performance; Shares In An Uptrend
KSS,Oct-07-20,04:26PM,Mall Anchor Stocks Near Short-Term Buy Signals
KSS,Oct-02-20,04:18PM,COMM 2012-CCRE1 Mortgage Trust -- Moody's affirms six and downgrades five classes of COMM 2012-CCRE1
KSS,Oct-01-20,11:16AM,Bed Bath & Beyond Is on the Verge of an Epic Comeback
KSS,Oct-01-20,11:16AM,3 Best Retail Apocalypse-Proof Stocks to Buy in October
KSS,Oct-01-20,11:16AM,Halloween sales forecast could be frightful to companies trying to create holiday season momentum
KSS,Sep-30-20,10:41AM,Understanding Kohl's's Unusual Options Activity
KSS,Sep-29-20,05:15PM,Kohls Extends Lands End Program to 150 Stores
KSS,Sep-29-20,05:15PM,"Kohls Launches Lauren Conrad Beauty, Bringing New Clean Beauty Offerings to Customers Nationwide"
KSS,Sep-28-20,10:30AM,Amazons Pandemic Prime Day Adds to Retailers' Scary October
KSS,Sep-25-20,01:25PM,Wall Street drills Costco stock because it's paying workers $2 more an hour during COVID-19
KSS,Sep-24-20,11:01AM,Target plans to double staffing for contactless delivery this holiday season
KSS,Sep-22-20,10:40AM,Have Insiders Been Buying Kohl's Corporation (NYSE:KSS) Shares?
KSS,Sep-20-20,02:06PM,Kohl's Cuts Corporate Staff Again to Reduce Costs
KSS,Sep-19-20,10:07AM,Kohl's Layoffs Signal Deeper Issues
KSS,Sep-18-20,11:18AM,Kohl's Up More Than 35% in Six Months: Will Momentum Stay?
KSS,Sep-17-20,05:53PM,Kohls CEO on Pivoting Thru COVID-19 and for Holiday 2020
KSS,Sep-17-20,05:53PM,Kohl's (KSS) Up 21.7% Since Last Earnings Report: Can It Continue?
KSS,Sep-16-20,01:40PM,Kamala Harris may have made Timberland boots cool again
KSS,Sep-16-20,01:40PM,Kohl's cuts 15% of corporate jobs
KSS,Sep-15-20,06:03PM,Kohls Cuts Corporate Workforce by 15 Percent
KSS,Sep-15-20,06:03PM,Kohls Will Eliminate 15% of Its Corporate Staff to Curb Costs
KSS,Sep-15-20,06:03PM,How Retailers Should Prep for a Weird Black Friday
KSS,Sep-12-20,12:08PM,Kohl's Launches New Loyalty Program as It Plots Turnaround
KSS,Sep-10-20,01:31PM,Black Friday shopping like we all know it is officially over because of COVID-19
KSS,Sep-10-20,01:31PM,Kohl's and Adidas partner with actress Zoe Saldana for athleisure line
KSS,Sep-10-20,01:31PM,Zoe Saldana Teams Up With Adidas for Activewear for Kohls
KSS,Sep-10-20,01:31PM,Actress and Activist Zoe Saldana Launches Active Collection with adidas at Kohls
KSS,Sep-09-20,12:40PM,"UPS to hire 100,000 seasonal workers for extended holiday shopping rush"
KSS,Sep-09-20,12:40PM,Kohl's Boosts Customers' Experience With New Loyalty Program
KSS,Sep-09-20,12:40PM,Journey Back to All-Time Favorites This Fall with Kohls Cares Latest Collection
KSS,Sep-08-20,04:05PM,"Kohl's Ejected From the S&P 500 Index, Rolls Out New Loyalty Program"
KSS,Sep-08-20,04:05PM,Kohls Revamps Loyalty Program
KSS,Sep-08-20,04:05PM,Kohl's launches new loyalty program for its 30 million members heading into the holidays
KSS,Sep-08-20,04:05PM,"Kohls Rolls Out New Loyalty Program Nationwide, Rewarding Customers With More Kohls Cash Every Day, on Every Purchase"
KSS,Sep-04-20,06:02PM,"Etsy, Teradyne and Catalent Set to Join S&P 500; Others to Join S&P MidCap 400 and S&P SmallCap 600"
KSS,Sep-02-20,02:04PM,Macy's will probably disappear before you know it: strategist
KSS,Sep-02-20,02:04PM,Hedge Funds Have Never Been This Bullish On Kohls Corporation (KSS)
KSS,Sep-02-20,02:04PM,Macys Stock Is Rising Because a Smaller Loss Is a Big Advance
KSS,Sep-02-20,02:04PM,Macys Reports Earnings Today. Heres What to Expect.
KSS,Sep-02-20,02:04PM,Kohls vs Burlington Stores: Which Retailer Is Poised To Rebound Post-Covid?
KSS,Aug-28-20,11:09AM,Kohl's Looks Poised on Solid Online Sales & Partnerships
KSS,Aug-26-20,01:08PM,"Childrens Place is in a good place for a comeback, analysts say -- right behind Walmart, Target and Kohls"
KSS,Aug-24-20,06:07AM,RPT-BUZZ-U.S. stocks weekly: New bull in town
DBX,Nov-11-20,01:06PM,Former Dropbox CFO Ajay Vashee is joining the powerhouse venture firm IVP in January
DBX,Nov-11-20,01:06PM,Has Dropbox (DBX) Outpaced Other Computer and Technology Stocks This Year?
DBX,Nov-11-20,01:06PM,Dropbox (DBX) Sees Hammer Chart Pattern: Time to Buy?
DBX,Nov-11-20,01:06PM,Is Dropbox Stock a Buy?
DBX,Nov-09-20,12:42PM,"Dropbox (DBX) Tops Q3 Earnings & Revenue Estimates, Ups View"
DBX,Nov-08-20,10:08AM,Dropbox Shares Fall 5% Despite Beat and Raise Quarter
DBX,Nov-06-20,10:01PM,"Dropbox, Inc. (DBX) Q3 2020 Earnings Call Transcript"
DBX,Nov-05-20,07:05PM,Dropbox (DBX) Q3 Earnings and Revenues Surpass Estimates
DBX,Nov-05-20,07:05PM,"Dropbox shares rise, then fall, on revenue, earnings beat"
DBX,Nov-05-20,07:05PM,Recap: Dropbox Q3 Earnings
DBX,Nov-05-20,07:05PM,Dropbox Announces Fiscal 2020 Third Quarter Results
DBX,Nov-05-20,07:05PM,"Dropbox, Inc. to Host Earnings Call"
DBX,Nov-04-20,10:06AM,Earnings Preview: Dropbox
DBX,Nov-02-20,12:27PM,Dropbox (DBX) to Report Q3 Earnings: What's in the Cards?
DBX,Nov-02-20,12:27PM,"When Should You Buy Dropbox, Inc. (NASDAQ:DBX)?"
DBX,Oct-29-20,12:34PM,Dropbox (DBX) Earnings Expected to Grow: Should You Buy?
DBX,Oct-27-20,05:45PM,Dropbox (DBX) Dips More Than Broader Markets: What You Should Know
DBX,Oct-26-20,12:51PM,"Was The Smart Money Right About Embracing Dropbox, Inc. (DBX)?"
DBX,Oct-26-20,12:51PM,Dropbox begins shift to high-efficiency Western Digital Shingled Magnetic Recording disks
DBX,Oct-21-20,09:30AM,Goldman Tech Analyst Heather Bellini Joins Israeli Cybersecurity Startup as CFO
DBX,Oct-20-20,05:45PM,Dropbox (DBX) Stock Sinks As Market Gains: What You Should Know
DBX,Oct-16-20,08:38AM,Theres Just Too Much to Love About Dropbox Stock at These Levels
DBX,Oct-15-20,04:05PM,Dropbox to Announce Third Quarter 2020 Earnings Results
DBX,Oct-13-20,05:45PM,Dropbox (DBX) Gains As Market Dips: What You Should Know
DBX,Oct-13-20,05:45PM,Dropbox Makes Remote Work Permanent in Virtual First Shift
DBX,Oct-13-20,05:45PM,"Out of Office: Potential $1.2 Trillion Opportunity in Improving Focus in Knowledge Work, Shows Study Commissioned by Dropbox"
DBX,Oct-07-20,05:45PM,Dropbox (DBX) Outpaces Stock Market Gains: What You Should Know
DBX,Oct-07-20,05:45PM,5 Growth-Rated Nasdaq-Listed Tech Stocks to Pick Right Now
DBX,Oct-06-20,01:46PM,"The Zacks Analyst Blog Highlights: Synaptics, Broadcom, Dropbox, Etsy and Applied Materials"
DBX,Oct-05-20,11:30AM,Has Dropbox (DBX) Outpaced Other Computer and Technology Stocks This Year?
DBX,Oct-05-20,11:30AM,4 Tech Stocks to Pick as the Sector Drives Market Rally in Q3
DBX,Oct-01-20,05:45PM,Dropbox (DBX) Outpaces Stock Market Gains: What You Should Know
DBX,Sep-29-20,07:47AM,"The Zacks Analyst Blog Highlights: Synaptics, Broadcom, Virtusa Corp, Dropbox and eGain Corp"
DBX,Sep-29-20,07:47AM,"The Zacks Analyst Blog Highlights: Zoom Video, JD.com, Shopify, Etsy and Dropbox"
DBX,Sep-25-20,05:45PM,Dropbox (DBX) Outpaces Stock Market Gains: What You Should Know
DBX,Sep-25-20,05:45PM,ROCE Insights For Dropbox
DBX,Sep-25-20,05:45PM,Top Ranked Growth Stocks to Buy for September 25th
DBX,Sep-24-20,10:01AM,"Estimating The Intrinsic Value Of Dropbox, Inc. (NASDAQ:DBX)"
DBX,Sep-22-20,07:27AM,Dropbox Sees Hammer Chart Pattern: Time to Buy?
DBX,Sep-18-20,05:45PM,Dropbox (DBX) Dips More Than Broader Markets: What You Should Know
DBX,Sep-18-20,05:45PM,Is Dropbox (DBX) Outperforming Other Computer and Technology Stocks This Year?
DBX,Sep-18-20,05:45PM,4 Stocks Ancora Advisors Added to Its Portfolio (and 1 It Dumped)
DBX,Sep-16-20,12:01PM,Analyzing A Bullish Option Trade For DBX Stock
DBX,Sep-15-20,06:17PM,Dropbox CEO Drew Houston says the pandemic forced the company to reevaluate what work means
DBX,Sep-15-20,06:17PM,Stocks With Rising Relative Strength: Oracle
DBX,Sep-14-20,01:26AM,Tech's Bubble of Calm Is Likely to Prove Brief
DBX,Sep-11-20,05:45PM,Dropbox (DBX) Outpaces Stock Market Gains: What You Should Know
DBX,Sep-11-20,05:45PM,Oracle Getting Closer To Key Technical Measure
DBX,Sep-10-20,01:47PM,"The Zacks Analyst Blog Highlights: ZM, DBX, MXIM, LOGI and CRM"
DBX,Sep-08-20,12:29AM,"Apple, Google, Dropbox Face Italy Antitrust Probes Over Cloud Computing Services"
DBX,Sep-01-20,11:30AM,Is Dropbox (DBX) Stock Outpacing Its Computer and Technology Peers This Year?
DBX,Aug-31-20,11:59PM,"Hedge Funds Are Betting On Dropbox, Inc. (DBX)"
DBX,Aug-28-20,01:49PM,"DBX, AMC, TSLA and AAPL as Zacks Bull and Bear of the Day"
DBX,Aug-28-20,01:49PM,Bull Of The Day: Dropbox (DBX)
DBX,Aug-20-20,11:10AM,"3 Stocks That Are Down in August, but Ready to Bounce Back"
DBX,Aug-20-20,11:10AM,Why Dropbox (DBX) Could Be an Impressive Growth Stock
DBX,Aug-17-20,11:55AM,Top Ranked Growth Stocks to Buy for August 17th
DBX,Aug-15-20,11:42AM,Dropbox Strongly Discounted Despite Impressive Quarterly Earnings
DBX,Aug-14-20,08:30AM,Why Dropbox (DBX) Could Be an Impressive Growth Stock
DBX,Aug-11-20,09:57AM,ROCE Insights For Dropbox
DBX,Aug-10-20,10:25AM,"Should Weakness in Dropbox, Inc.'s (NASDAQ:DBX) Stock Be Seen As A Sign That Market Will Correct The Share Price Given Decent Financials?"
DBX,Aug-07-20,01:23PM,"Dropbox boasted solid results, but its CFOs departure is worrisome"
DBX,Aug-07-20,01:23PM,"The Zacks Analyst Blog Highlights: Apple, Uber, T-Mobile US, AT&T and Dropbox"
DBX,Aug-06-20,05:04PM,Dropbox Sales Beat Estimates; Shares Tumble as CFO Prepares Exit
DBX,Aug-06-20,05:04PM,Dropbox: Q2 Earnings Insights
DBX,Aug-06-20,05:04PM,Dropbox shares drop 4% despite revenue in line with Street estimates
DBX,Aug-06-20,05:04PM,Dropbox Announces Fiscal 2020 Second Quarter Results
DBX,Aug-05-20,12:02PM,Earnings Outlook For Dropbox
DBX,Aug-04-20,09:11AM,Is Dropbox Stock a Buy?
DBX,Aug-04-20,09:11AM,Growth in Paying Users to Drive Dropbox's (DBX) Q2 Earnings
DBX,Aug-03-20,11:30AM,Is Dropbox (DBX) Outperforming Other Computer and Technology Stocks This Year?
DBX,Aug-03-20,11:30AM,Dropbox (DBX) to Post Q2 Earnings: What's in the Offing?
DBX,Aug-02-20,10:48AM,"July jobs report, Disney earnings and more: What to know in the week ahead"
DBX,Jul-31-20,12:45PM,BofA Cuts Rating Even As Dropbox Appears Set To Beat Q2 Expectations
DBX,Jul-30-20,12:00PM,University of Michigan Empowers Distance Learning and Remote Collaboration With Campuswide Dropbox Education Deployment
DBX,Jul-30-20,12:00PM,MACOM (MTSI) Q3 Earnings and Revenues Surpass Estimates
DBX,Jul-29-20,05:45PM,Dropbox (DBX) Outpaces Stock Market Gains: What You Should Know
DBX,Jul-28-20,07:08PM,3 Perfect 10 Stocks to Snap Up Now
DBX,Jul-27-20,05:02PM,Colleges Tap Tech to Calm Students Paying for Remote Classes
DBX,Jul-27-20,05:02PM,Connectivity is as essential as water and electricity: HPE CEO
DBX,Jul-23-20,05:45PM,Dropbox (DBX) Dips More Than Broader Markets: What You Should Know
DBX,Jul-21-20,11:06AM,9 Tech Stocks That Will Please Both Growth and Value Investors
DBX,Jul-20-20,05:35PM,Why Dropbox Shot Nearly 10% Higher on Monday
DBX,Jul-20-20,05:35PM,Dropbox Shares Soar After Analyst Turns Positive on the Stock
DBX,Jul-20-20,05:35PM,Dropbox Sees Hammer Chart Pattern: Time to Buy?
DBX,Jul-20-20,05:35PM,Dropbox stock rises after Jefferies upgrade
DBX,Jul-17-20,11:30AM,Is Dropbox (DBX) Outperforming Other Computer and Technology Stocks This Year?
DBX,Jul-16-20,04:05PM,Dropbox to Announce Second Quarter 2020 Earnings Results
DBX,Jul-14-20,05:45PM,Dropbox (DBX) Gains But Lags Market: What You Should Know
DBX,Jul-08-20,03:02PM,Slack co-founder: We will be more aggressive with acquisitions
DBX,Jul-08-20,03:02PM,Why Dropbox Stock Climbed 21.6% in the First Half of 2020
DBX,Jul-07-20,05:45PM,Dropbox (DBX) Gains As Market Dips: What You Should Know
DBX,Jul-07-20,05:45PM,Tech Rally Drives Nasdaq to New High: 5 Stocks to Buy Right Now
DBX,Jul-07-20,05:45PM,"Were Hedge Funds Right About Piling Into Dropbox, Inc. (DBX)?"
DBX,Jul-06-20,03:45PM,"Need To Know: Dropbox, Inc. (NASDAQ:DBX) Insiders Have Been Buying Shares"
DBX,Jul-06-20,03:45PM,"The Zacks Analyst Blog Highlights: Zoom Communications, Fortinet, Qorvo, Zscaler and Dropbox"
DBX,Jul-02-20,11:51AM,Can Newly Profitable Dropbox Keep Climbing?
DBX,Jul-02-20,11:51AM,"The Zacks Analyst Blog Highlights: Enbridge, GoDaddy, Dropbox and Ericsson"
DBX,Jul-01-20,05:45PM,Dropbox (DBX) Gains But Lags Market: What You Should Know
DBX,Jul-01-20,05:45PM,Is Dropbox (DBX) Outperforming Other Computer and Technology Stocks This Year?
