Company,date,time,headline,Sentiment
AAPL,Nov-11-20,08:00PM,"Bye, Tariff Man. Bidens India Play Must Be Apps",1
AAPL,Nov-11-20,08:00PM,"Dow Jones Stocks To Buy And Watch In November 2020: Apple, Microsoft Offer New Buy Points",1
AAPL,Nov-11-20,08:00PM,Stock Market Today: Big Tech Bounces Back,1
AAPL,Nov-11-20,08:00PM,Nasdaq Soars As Big Tech Bites Back; Dow Jones Lags As Boeing Dives,1
AAPL,Nov-11-20,08:00PM,Why Roku Stock Is Soaring Today,1
AAPL,Nov-11-20,08:00PM,"Apple is taking control, and a risky bet, with its M1 chip",1
AAPL,Nov-11-20,08:00PM,Stocks rise as tech shares recover some losses,1
AAPL,Nov-11-20,08:00PM,Apple Succeeds In 'Getting Us To Talk About The Mac After Years Of Obscurity',1
AAPL,Nov-11-20,08:00PM,Having Apple use their own microprocessor and not depending on Intel or Samsung is a big deal: Fmr. Apple CEO,1
AAPL,Nov-11-20,08:00PM,Apples New M1-Powered Mac Laptops Win Raves From Wall Street,1
AAPL,Nov-11-20,08:00PM,Dow Jones Extends Win Streak As Techs Rebound; Top Growth Stock Breaks Out,1
AAPL,Nov-11-20,08:00PM,"Dow Jones Rallies 150 Points, As Tech Stocks Snap Back; Apple, Tesla Rebound, But Datadog Plunges On Earnings",1
AAPL,Nov-11-20,08:00PM,Alibaba Singles Day Ends Strongly as Beijing Storm Approaches,1
AAPL,Nov-11-20,08:00PM,Apple unveils new M1 chip for Mac computers,1
AAPL,Nov-11-20,08:00PM,"This 5G Stock Has Doubled, but It Can Keep Crushing the Market",1
AAPL,Nov-11-20,08:00PM,Roku rolls out AirPlay 2 and HomeKit support to 4K devices,1
AAPL,Nov-11-20,08:00PM,Apple (AAPL) Powers New Mac Products With its First M1 Chip,1
AAPL,Nov-11-20,08:00PM,Apple Ditching Intel With Its New Macs Could Be the Start of Something Big,1
AAPL,Nov-11-20,08:00PM,"As Expected, Apple Launches New Macs at Latest Unveiling",1
AAPL,Nov-11-20,08:00PM,"Roku Adds Apple AirPlay to 4K Devices, Giving Users a New HBO Max Streaming Workaround",1
AAPL,Nov-11-20,08:00PM,"Dow Jones Futures Rise 200 Points, While Tech Futures Jump As Stock Market Rotation Continues; 6 Tech Giants Sell Off",1
AAPL,Nov-11-20,08:00PM,Amazons Everything Store Is Now Everyones Antitrust Target,0
AAPL,Nov-11-20,08:00PM,Apple's Theft Claim Against 'Fortnite' Maker Epic Gets Thrown Out By Court,0
AAPL,Nov-11-20,08:00PM,Federal judge dismisses some claims by Apple in fight against Epic Games,0
AAPL,Nov-11-20,08:00PM,"Apple, Netflix Haven't Paid A Dime In Taxes Despite Drawing $43M Streaming Revenue, Vietnam Says",0
AAPL,Nov-10-20,08:33PM,"Apples new Macs launch in time for holidays, but shouldnt make your wish list",0
AAPL,Nov-10-20,08:33PM,Macs with the M1 chip do not support eGPUs,0
AAPL,Nov-10-20,08:33PM,Apple Officially Kicks Intel To The Curb With New Mac Computers,1
AAPL,Nov-10-20,08:33PM,Peloton Signs Partnership With Its Most Requested Artist,1
AAPL,Nov-10-20,08:33PM,HBO His Dark Materials App Features Your Own Virtual AR Daemon That Encourages Self-Care,1
AAPL,Nov-10-20,08:33PM,'Tech high flyers massively underperformed on the vaccine news': Portfolio Manager,0
AAPL,Nov-10-20,08:33PM,Stocks mixed as tech sell-off continues,0
AAPL,Nov-10-20,08:33PM,Apple rolls out new Macs with custom chip as it moves away from Intel,1
AAPL,Nov-10-20,08:33PM,Apple unveils M1 chip for faster processing,1
AAPL,Nov-10-20,08:33PM,Apple Launches Three New Macs to Kick Off Switch From Intel,1
AAPL,Nov-10-20,08:33PM,"Apple announces its first-ever M1 processor, coming to MacBooks and Macs",1
AAPL,Nov-10-20,08:33PM,Apple Unveils New Custom-Made Chip for Mac Computers,1
AAPL,Nov-10-20,08:33PM,Apple Unveils First Macs Powered by New M1 Chip,1
AAPL,Nov-10-20,08:33PM,Apple brings back its 'I'm a PC' spokesman for Arm-based Mac launch event,1
AAPL,Nov-10-20,08:33PM,Introducing the Next Generation of Mac,1
AAPL,Nov-10-20,08:33PM,Apple Unleashes M1,1
AAPL,Nov-10-20,08:33PM,Apple expected to reveal first Macs with custom ARM-based processor,1
AAPL,Nov-10-20,08:33PM,Live from Apple's 2020 Mac event featuring the first-ever Apple Silicon Macs,1
AAPL,Nov-10-20,08:33PM,Here are Wall Streets 20 favorite value stocks,1
AAPL,Nov-10-20,08:33PM,Dow Jones Leads Mixed Market As Covid Vaccine Hopes Slam Tech Stocks Again,0
AAPL,Nov-10-20,08:33PM,"Dow Jones Jumps 275 Points, But Tech Sell-Off Continues; Beyond Meat Plunges 24% On Earnings",0
AAPL,Nov-10-20,08:33PM,"Despite the rise in Covid-19 cases, the economy continues to recover: Strategist",1
AAPL,Nov-10-20,08:33PM,Amazon Accused of Merchant Data Abuse in New EU Antitrust Charges,0
AAPL,Nov-10-20,08:33PM,"Amazon Hit by EU Complaint, Faces New Probe Over Sales",0
AAPL,Nov-10-20,08:33PM,Dow Jones Futures Rise But Tech Futures Tumble As Coronavirus Vaccine Swings Stock Market,0
AAPL,Nov-10-20,08:33PM,"Apple to unveil Macs with their own processors, widening its app ecosystem",1
AAPL,Nov-10-20,08:33PM,Apple Is One of the Many Catalysts Driving This Top 5G Stock,1
AAPL,Nov-10-20,08:33PM,Apple's Latest Macs Could Start a New Chip War,1
AAPL,Nov-09-20,05:21PM,"As Apple releases its new line of Macs, the biggest beneficiary may be Microsoft",0
AAPL,Nov-09-20,05:21PM,"Dow Jones Soars 1,300 Points As Biden Win, Coronavirus News Fuel Market Rally",1
AAPL,Nov-09-20,05:21PM,"Dow Jones Soars 1,600 Points On Effective Coronavirus Vaccine; Tesla Jumps On China Sales",1
AAPL,Nov-09-20,05:21PM,Pfizers News Ignited the Markets. How to Invest for a Post-Vaccine World.,1
AAPL,Nov-09-20,05:21PM,SSGA's Thompson Banks On Forward-Looking Strategies To Lift SPDR ETFs,1
AAPL,Nov-09-20,05:21PM,This Apple Supplier Is Winning Big from the iPhone 12,1
AAPL,Nov-09-20,05:21PM,"Apple's new Macs could revive the PC chip wars, analysts say",1
AAPL,Nov-09-20,05:21PM,Apple Must Ask Why Good Help Is So Hard to Find,0
AAPL,Nov-09-20,05:21PM,Apple Freezes New Business for Pegatron on China Labor Abuse,1
AAPL,Nov-09-20,05:21PM,Apple Puts iPhone Maker Pegatron On Probation Over Labor Violations,1
TSLA,Nov-11-20,08:00PM,Rivian is making its hands-free driver assistance system standard in 'every vehicle' it builds,1
TSLA,Nov-11-20,08:00PM,Tesla Gigafactory Shanghai Production Rate Points To Sharp Annual Increase,1
TSLA,Nov-11-20,08:00PM,Tesla No. 1 in Survey of Most Attractive Companies for Engineering Students,1
TSLA,Nov-11-20,08:00PM,"Electric Car Sales More Than Double In World's Biggest EV Market, But Tesla Lags",0
TSLA,Nov-11-20,08:00PM,"Mercedes-Benz Berlin plant head to join Tesla, union says",1
TSLA,Nov-11-20,08:00PM,"Dow Jones Rallies 150 Points, As Tech Stocks Snap Back; Apple, Tesla Rebound, But Datadog Plunges On Earnings",1
TSLA,Nov-11-20,08:00PM,"BMW's New Electric iX SUV Will Challenge Tesla, But Not Until 2022",1
TSLA,Nov-11-20,08:00PM,"BMW unveils electric SUV to challenge Tesla, plans U.S. launch in early 2022",1
TSLA,Nov-11-20,08:00PM,"BMW Takes a Step Out of Tesla, VWs Shadow With Electric SUV",0
TSLA,Nov-11-20,08:00PM,"Dow Jones Futures Rise 200 Points, While Tech Futures Jump As Stock Market Rotation Continues; 6 Tech Giants Sell Off",1
TSLA,Nov-10-20,04:59PM,Tesla 2021 Model 3 Registration Shows Larger 82kWh Battery,1
TSLA,Nov-10-20,04:59PM,Nikola Suffers Credibility Doubts On Wall Street As EV Deal Hangs In Balance,0
TSLA,Nov-10-20,04:59PM,Lyft beats earnings estimates; co-founder says it's one of the best COVID-19 recovery stocks,1
TSLA,Nov-10-20,04:59PM,Why Tesla Bear Gordon Johnson Is Forecasting Sequential Volume Decline In Q4,0
TSLA,Nov-10-20,04:59PM,Tesla Has Formed an Equilateral Triangle Formation - Drive Carefully,0
TSLA,Nov-10-20,04:59PM,Why Tesla Stock Just Tanked Again,0
TSLA,Nov-10-20,04:59PM,There Is No China Growth Story For Tesla; Company Headed To Zero: Shortseller,0
TSLA,Nov-10-20,04:59PM,"Nikola CEO: We are prepared to 'go to market alone if we have to,' without General Motors",1
TSLA,Nov-10-20,04:59PM,"Dow Jones Jumps 275 Points, But Tech Sell-Off Continues; Beyond Meat Plunges 24% On Earnings",0
TSLA,Nov-10-20,04:59PM,Tesla Expands Warranty to Cover Main Computer Failures in Older Vehicles,1
TSLA,Nov-10-20,04:59PM,"Tesla To Refund Older Model S, X Owners For MCU Failures: CNBC",0
TSLA,Nov-10-20,04:59PM,"Ford Looks To Clear Air Around Mustang Mach-E EPA Range, Says Fully Expects To Meet Target",1
TSLA,Nov-09-20,08:26PM,Elon Musk's Boring Company is setting up operations in Austin,1
TSLA,Nov-09-20,08:26PM,Why online car sales are surging amid COVID-19,1
TSLA,Nov-09-20,08:26PM,"Workhorse, Kandi Kick Off Heavy Slate Of EV Earnings With A Whimper",1
TSLA,Nov-09-20,08:26PM,Elon Musk: Tesla's First Dojo Supercomputer About 1 Year Away,1
TSLA,Nov-09-20,08:26PM,"Panasonic Sees Internally Produced Tesla Batteries as Opportunity, Not Danger",1
TSLA,Nov-09-20,08:26PM,"TD Ameritrade Clients Bought Tesla, Nio, And DraftKings Ahead Of The Election",1
TSLA,Nov-09-20,08:26PM,Why Tesla Stock Jumped on Monday,1
TSLA,Nov-09-20,08:26PM,"Dow Jones Soars 1,600 Points On Effective Coronavirus Vaccine; Tesla Jumps On China Sales",1
TSLA,Nov-09-20,08:26PM,"The Station: Transportation on the ballot, SoftBank parks its money in REEF and Tesla Tequila arrives",1
TSLA,Nov-08-20,09:40PM,"Tesla Has Installed Its 20,000th Supercharger",1
TSLA,Nov-08-20,09:40PM,Kids Pushing Parents To Buy Electric Vehicles: Study,1
TSLA,Nov-08-20,09:40PM,"Livent Pops 15% On Lithium Joint Venture, Tesla Contract Extension",1
TSLA,Nov-07-20,09:38PM,Why Is Everyone Talking About Tesla?,1
TSLA,Nov-06-20,09:21PM,"Dow Jones Up 1,800 Points In Election Week As Stock Market Stages Massive Rally",1
TSLA,Nov-06-20,09:21PM,"Dow Jones Falls 150 Points Amid Jobs Report; Peloton, Roku, Square Jump On Earnings",0
TSLA,Nov-06-20,09:21PM,Elon Musk Takes A Potshot At Nio's Rally: '420 Is Ten Times Better Than 42',1
TSLA,Nov-06-20,09:21PM,Tesla's 'Teslaquila' Is Real - And It's Already Sold Out,1
TSLA,Nov-06-20,09:21PM,"Tesla launches $250 tequila online, quickly 'out of stock'",1
TSLA,Nov-06-20,09:21PM,"Tesla unveils 'Tesla Tequila' for $250, product sold-out on website",1
TSLA,Nov-05-20,10:25PM,GM tops estimates on strong truck sales,1
TSLA,Nov-05-20,10:25PM,"GM To Speed Up EV Rollout As Earnings Crush, Nikola Talks Continue",1
TSLA,Nov-05-20,10:25PM,"Why a Winning Fund Likes Tesla, Amazon, and Mastercard Stock",1
TSLA,Nov-05-20,10:25PM,Alphabet and 11 Other Stocks That Are Vulnerable to a Short Squeeze,0
TSLA,Nov-05-20,10:25PM,Tesla Submits Application For Model Y Manufacturing In China: Report,1
TSLA,Nov-05-20,10:25PM,"Dow Jones Surges 600 Points, As Apple, Tesla Jump; Alibaba Falls, While GM, Qualcomm Soars On Earnings",1
TSLA,Nov-05-20,10:25PM,The $5 Trillion Transportation Industry Is Going Green,1
TSLA,Nov-05-20,10:25PM,VW CEO Says Existential Electric Race Awaits After Pandemic,1
TSLA,Nov-05-20,10:25PM,"Dow Jones Futures Jump As Strong Post-Election Market Rally Rolls On; Qualcomm, Alibaba, GM Lead Earnings Movers",1
TSLA,Nov-05-20,10:25PM,"Tesla, French Partner Neoen, To Build Another Gigantic Lithium-Ion Battery In Australia",1
TSLA,Nov-05-20,10:25PM,Tesla Gets Order For 150 Semi Trucks From Canadian Company As It Prepares For 'Volume Production',1
TSLA,Nov-04-20,07:01PM,The Biggest Ever Transfer Of Wealth Is Happening Right Now,0
TSLA,Nov-04-20,07:01PM,Tesla Could Create Up To 15K Jobs With Gigafactory Texas: Report,1
TSLA,Nov-04-20,07:01PM,Electric Car Stocks Split As Election Results Hint At Divide,1
TSLA,Nov-04-20,07:01PM,"Buffett-Backed BYD Joins Nio, Xpeng In China Electric Car Sales Boom",1
TSLA,Nov-04-20,07:01PM,"Dow Jones Surges 600 Points, While Tech Stocks Soar; Trump Claims Big Win, But Election Results Unclear",1
TSLA,Nov-03-20,09:35PM,"Tesla Was A Month Away From Bankruptcy Ahead Of Model 3 Rollout, Says Musk",0
TSLA,Nov-03-20,09:35PM,"Stock Markets Elect to Soar Again as Tesla, Alibaba Head in Different Directions",1
TSLA,Nov-03-20,09:35PM,S&P 500 Performs Best On Days Donald Trump Tweets 30 Or More Times: Study,1
TSLA,Nov-03-20,09:35PM,Where Are ESG Funds Coming Up Short?,0
TSLA,Nov-03-20,09:35PM,Dow Jones Jumps 600 Points In Election Day Rally As Biden Leads Trump,1
TSLA,Nov-03-20,09:35PM,"Dow Jones Surges 650 Points On U.S. Election Day; Apple, Tesla Rally, But SolarEdge Plunges 24% On Sales Miss",1
AMZN,Nov-11-20,09:28PM,"Down $290 Billion, China Tech Investors Wargame Worst-Case Scenarios",0
AMZN,Nov-11-20,09:28PM,"Bye, Tariff Man. Bidens India Play Must Be Apps",1
AMZN,Nov-11-20,09:28PM,Stock Market Today: Big Tech Bounces Back,1
AMZN,Nov-11-20,09:28PM,Alibaba's Singles Day sales top $74 billion,1
AMZN,Nov-11-20,09:28PM,Nasdaq Soars As Big Tech Bites Back; Dow Jones Lags As Boeing Dives,1
AMZN,Nov-11-20,09:28PM,AWS Announces AWS Glue DataBrew,1
AMZN,Nov-11-20,09:28PM,How the Nasdaq Dominated the Stock Market Wednesday,1
AMZN,Nov-11-20,09:28PM,Alibaba Moves Into Japan With Third-party Logistics Offering,1
AMZN,Nov-11-20,09:28PM,"Twitch Says Its in Talks to License Music, Tells Users to Delete Videos With Unauthorized Tracks",0
AMZN,Nov-11-20,09:28PM,Why Wall Street Loved Alphabet's Q3 Earnings,1
AMZN,Nov-11-20,09:28PM,"William O'Neil, IBD Win Benzinga Global Fintech Awards",1
AMZN,Nov-11-20,09:28PM,Amazon (AMZN) Expands in Brazil With New Logistics Centers,1
AMZN,Nov-11-20,09:28PM,"India to regulate streaming services, online content",0
AMZN,Nov-11-20,09:28PM,XPO Logistics Earnings Show Investors Have Multiple Ways to Win,1
AMZN,Nov-11-20,09:28PM,Exclusive: Amazon accuses Future of insider trading as it seeks to block Reliance deal,0
AMZN,Nov-11-20,09:28PM,Exclusive: Amazon accuses India's Future of insider trading as it seeks to block Reliance deal,0
AMZN,Nov-11-20,09:28PM,Amazons Everything Store Is Now Everyones Antitrust Target,0
AMZN,Nov-11-20,09:28PM,E-commerce startup Heroes raises $65M in equity and debt to become the Thrasio of Europe,1
AMZN,Nov-11-20,09:28PM,Asias Richest Man Takes on Amazon in Indias Booming Online Market,1
AMZN,Nov-10-20,09:21PM,"Amazon Recalls 350,000 Ring Doorbells After Some Catch Fire",0
AMZN,Nov-10-20,09:21PM,European Regulators Charge Amazon With Unfair Business Practices,0
AMZN,Nov-10-20,09:21PM,"Dow Jones Rises While Tech Stocks, Coronavirus Plays Sell Off",1
AMZN,Nov-10-20,09:21PM,Amazons EU troubles could be warm-up act for more regulatory actions vs. Big Tech,0
AMZN,Nov-10-20,09:21PM,'Tech high flyers massively underperformed on the vaccine news': Portfolio Manager,0
AMZN,Nov-10-20,09:21PM,"Dow Jones, Small Caps Lead Stock Market Rally, But Growth Stocks Throttled Again; Amazon, Facebook Dive 3%",0
AMZN,Nov-10-20,09:21PM,Walmart Teams Up With GM's Cruise on Self-Driving Deliveries,1
AMZN,Nov-10-20,09:21PM,Here are Wall Streets 20 favorite value stocks,0
AMZN,Nov-10-20,09:21PM,"EU is charging Amazon with distorting competition. Next step, concessions  or a jumbo fine",0
AMZN,Nov-10-20,09:21PM,What To Make Of An Irrational Stock Market,0
AMZN,Nov-10-20,09:21PM,"The EU found that Amazon illegally distorted competition, as it faces a new competition investigation into Prime",0
AMZN,Nov-10-20,09:21PM,EU says Amazon breached antitrust rules,0
AMZN,Nov-10-20,09:21PM,"Despite the rise in Covid-19 cases, the economy continues to recover: Strategist",1
AMZN,Nov-10-20,09:21PM,Amazon Accused of Merchant Data Abuse in New EU Antitrust Charges,0
AMZN,Nov-10-20,09:21PM,Amazon Follows Googles Lead and Not In A Good Way,0
AMZN,Nov-10-20,09:21PM,"Amazon Hit by EU Complaint, Faces New Probe Over Sales",0
AMZN,Nov-10-20,09:21PM,Amazon Faces Fresh Antitrust Battle With European Regulators,0
AMZN,Nov-10-20,09:21PM,Trxade's stock rockets to pace premarket gainers after Amazon marketing agreement,1
AMZN,Nov-10-20,09:21PM,Atlassian Is Going All-In on Cloud,1
AMZN,Nov-10-20,09:21PM,Europe charges Amazon with using its dominance and data to squeeze rivals,0
AMZN,Nov-10-20,09:21PM,Amazon charged with abusing EU competition rules,0
AMZN,Nov-10-20,09:21PM,Silicon Valley Firm Joins Gulf Investors to Fund Tech Deals,1
AMZN,Nov-10-20,09:21PM,Beyond Meats Bad Day Shows How Hard It Is to Be the Next Big Thing,0
AMZN,Nov-10-20,09:21PM,EU Hits Amazon With Antitrust Charges and Opens New Probe on E-Commerce Practices,0
AMZN,Nov-10-20,09:21PM,Europe lays out antitrust case against Amazon's use of big data,0
AMZN,Nov-10-20,09:21PM,"Amazon takes down underwear, doormat listings with Hindu symbols after India backlash",0
AMZN,Nov-10-20,09:21PM,Apple Is One of the Many Catalysts Driving This Top 5G Stock,1
AMZN,Nov-10-20,09:21PM,EU files antitrust charges against Amazon over use of data,0
AMZN,Nov-10-20,09:21PM,European Commission says preliminary view is that Amazon broke antitrust rules,0
AMZN,Nov-10-20,09:21PM,"EU charges Amazon with anti-competitive action, opens second probe",0
AMZN,Nov-10-20,09:21PM,"DHL, FedEx and UPS Are Ready to Save the World",1
AMZN,Nov-10-20,09:21PM,Amazon Enters The Lucrative Disney-Dominated Cricket Streaming Market In India,1
AMZN,Nov-10-20,09:21PM,Google Teams Up With European Cloud Rival in Battle With Amazon,1
AMZN,Nov-09-20,09:35PM,"As S&P 500 Roars to Near-Highs, Here's One Mindblowing Stat About Today's 100 Best- Performing Stocks",1
AMZN,Nov-09-20,09:35PM,Tech companies are 'not going away just because the market is rotating over to cyclicals': Antonelli,1
AMZN,Nov-09-20,09:35PM,Amazon Launches Program to Attract Delivery Drivers,1
AMZN,Nov-09-20,09:35PM,Stay-At-Home Stocks Fall On News Of Effective Covid-19 Vaccine,0
AMZN,Nov-09-20,09:35PM,"Why Amazon, Square, PayPal, Shopify, and Other E-Commerce Stocks Fell Today",0
AMZN,Nov-09-20,09:35PM,COVID-19 economy: Hostess sees jumbo donuts fly off the shelves as pandemic rages on,0
AMZN,Nov-09-20,09:35PM,"Vaccine News Is Sparking Selloff in Zoom, Peloton and Other Stay-at-Home Stocks",1
AMZN,Nov-09-20,09:35PM,Oil Ends up 9% as Covid Vaccine News Spurs Economic Hopes,1
AMZN,Nov-09-20,09:35PM,3 Top E-Commerce Stocks to Buy Right Now,1
AMZN,Nov-09-20,09:35PM,"EXCLUSIVE: USPS, ShipMatrix Sign Parcel Capacity Assurance Deal",1
AMZN,Nov-09-20,09:35PM,Wayfair stock slumps after COVID-19 vaccine trial announcement,0
AMZN,Nov-09-20,09:35PM,Why the Best Approach to Your Portfolio May Be One That Doesnt Pick Sides,1
AMZN,Nov-09-20,09:35PM,SoftBank Recovery Gains Ground With Vision Funds Record Profit,1
AMZN,Nov-09-20,09:35PM,Amazon To Splash Out $2.8M On Data Centers In India,1
AMZN,Nov-09-20,09:35PM,Amazon Marks Its Biggest Expansion In Brazil Since 2012: Reuters,1
AMZN,Nov-08-20,10:48PM,"Amazon expands in Brazil, riding e-commerce boom set off by COVID-19 distancing",1
EPC,Nov-11-20,11:16AM,Why Energizer Holdings (ENR) Might Surprise This Earnings Season,1
EPC,Nov-06-20,08:30AM,"Edgewell Personal Care Company Announces Details for Its Virtual Investor Day on November 20, 2020",1
EPC,Nov-05-20,12:30PM,Energizer Holdings (ENR) Expected to Beat Earnings Estimates: Should You Buy?,1
EPC,Nov-05-20,12:30PM,Edgewell Personal Care's(NYSE:EPC) Share Price Is Down 67% Over The Past Five Years.,0
EPC,Oct-12-20,08:31PM,Hedge Funds Are Selling Edgewell Personal Care Company (EPC),0
EPC,Oct-06-20,09:09AM,Why Energizer Holdings Stock Dropped 15% in September,0
EPC,Sep-17-20,10:00AM,Bear of the Day: Edgewell Personal Care (EPC),0
EPC,Sep-10-20,09:50AM,"Energizer Raises Sales View on Higher Demand, Repays Debt",0
EPC,Sep-03-20,08:30AM,Edgewell Personal Care Announces Closing of Acquisition of CREMO Company,0
EPC,Sep-02-20,10:27AM,"These 2 Stocks Could Double From Here, But for Different Reasons",1
EPC,Sep-02-20,10:27AM,Edgewell Personal Care Appoints Swan Sit to Board of Directors,0
EPC,Aug-05-20,08:25AM,Energizer Holdings (ENR) Q3 Earnings Miss Estimates,0
EPC,Aug-04-20,04:00PM,Why Edgewell Personal Care Is Falling Today,0
EPC,Aug-04-20,04:00PM,Edgewell Personal Care Announces Third Quarter Fiscal 2020 Results,0
EPC,Aug-04-20,04:00PM,Edgewell Personal Care Announces Plan to Acquire CREMO Company,0
EPC,Jul-20-20,12:00PM,Edgewell Personal Care (EPC) Is Up 1.65% in One Week: What You Should Know,1
EPC,Jul-18-20,07:18PM,Did Hedge Funds Make The Right Call On Edgewell Personal Care Company (EPC) ?,1
EPC,Jul-14-20,11:50AM,Is Edgewell Personal Care (EPC) a Great Value Stock Right Now?,0
EPC,Jul-14-20,11:50AM,"Edgewell Personal Care Company To Webcast A Discussion Of Third Quarter Fiscal Year 2020 Results On August 4, 2020",1
EPC,Jun-06-20,11:31AM,Why Is Energizer (ENR) Up 21.8% Since Last Earnings Report?,1
EPC,May-21-20,01:10PM,"We moved quickly on creating work from home, social distancing standards: Edgewell CEO",1
EPC,May-20-20,12:00PM,Edgewell Personal Care Appoints Eric O'Toole as President North America,1
EPC,May-19-20,03:20PM,"Coronavirus update: U.S. death toll tops 91,000; Trump slams WHO, says hes taking hydroxychloroquine to stave off COVID-19",1
EPC,May-19-20,03:20PM,"Schick® Xtreme® Launches ""Shave The Day"" Mobile Game That Helps You Raise Money For The St. Baldrick's Foundation",1
EPC,May-19-20,03:20PM,Edgewell Personal Care to issue $600 million in unsecured notes that mature in 2028,0
EPC,May-14-20,08:00AM,Edgewell Personal Care Announces Participation in Upcoming Investor Conferences,1
EPC,May-08-20,10:31AM,Energizer Holdings' (ENR) Q2 Earnings & Sales Beat Estimates,1
EPC,May-07-20,06:00PM,Edgewell Personal Care Co (EPC) Q2 2020 Earnings Call Transcript,1
EPC,May-07-20,06:00PM,Edgewell Personal Care (EPC) Surpasses Q2 Earnings and Revenue Estimates,1
EPC,May-07-20,06:00PM,Energizer Holdings (ENR) Beats Q2 Earnings Estimates,1
EPC,Apr-30-20,12:33PM,Energizer Holdings (ENR) Reports Next Week: Wall Street Expects Earnings Growth,1
EPC,Apr-30-20,12:33PM,Analysts Estimate Edgewell Personal Care (EPC) to Report a Decline in Earnings: What to Look Out for,1
EPC,Apr-17-20,01:54PM,Edgewell Personal Care Co. -- Moody's announces completion of a periodic review of ratings of Edgewell Personal Care Co.,1
EPC,Apr-16-20,04:30PM,"Edgewell Personal Care Company To Webcast A Discussion Of Second Quarter Fiscal Year 2020 Results On May 7, 2020",0
EPC,Apr-11-20,10:48AM,Some Edgewell Personal Care (NYSE:EPC) Shareholders Have Taken A Painful 80% Share Price Drop,0
EPC,Apr-07-20,01:50PM,"Pay cuts, big borrowing: St. Louis public companies move to address coronavirus 'uncertainty'",1
EPC,Apr-02-20,09:00AM,Edgewell Personal Care Announces New $425 Million Revolving Credit Facility,1
EPC,Mar-25-20,08:07AM,Moving Average Crossover Alert: Edgewell Personal Care Company,0
EPC,Mar-06-20,10:30AM,Energizer (ENR) Down 10% Since Last Earnings Report: Can It Rebound?,0
EPC,Feb-18-20,12:58PM,Edgewell Personal Care Co. -- Moody's upgrades Edgewell's CFR to Ba3 following cancelled Harry's acquisition; outlook stable,1
EPC,Feb-11-20,05:01AM,"Why Popeyes Sales Jumped 34%, and Two More Numbers to Know",0
EPC,Feb-10-20,02:46PM,Derailed Harrys Deal Is a Warning Shot to Startup Buyers,0
EPC,Feb-10-20,02:46PM,"P&G competitor backs off $1.3B acquisition, faces lawsuit",0
EPC,Feb-10-20,02:46PM,"Harry's Fixes Shaving, Breaks Exit Strategy",1
EPC,Feb-10-20,02:46PM,Schick parent calls off $1.3B purchase of razor rival Harry's Inc.,0
EPC,Feb-10-20,02:46PM,Edgewell Soars After Dropping Bid for Harry's on FTC Opposition,1
EPC,Feb-10-20,02:46PM,Harrys threatens legal action after Edgewell scraps $1.4bn deal,1
EPC,Feb-10-20,02:46PM,Edgewell Personal Care to Pursue Standalone Value Creation Strategy,1
EPC,Feb-10-20,02:46PM,Edgewell Personal Care Announces First Quarter Fiscal 2020 Results,1
EPC,Feb-05-20,02:52PM,P&G competitor faces government opposition to $1.3B acquisition,0
EPC,Feb-03-20,12:30PM,Earnings Preview: Edgewell Personal Care (EPC) Q1 Earnings Expected to Decline,0
EPC,Feb-03-20,12:30PM,Schick-parent Edgewell's stock bounces off 11-year low after FTC files to block Harry's buyout,0
EPC,Feb-03-20,12:30PM,"Edgewell Personal Care and Harry's, Inc. Comment on FTC Decision",1
EPC,Feb-03-20,12:30PM,US regulators look to block Edgewells $1.4bn deal for Harrys,0
EPC,Jan-20-20,02:23PM,"Edgewell Personal Care Company To Webcast A Discussion Of First Quarter Fiscal Year 2020 Results On February 10, 2020",1
EPC,Dec-19-19,08:00AM,Edgewell Personal Care Completes the Sale of its Infant and Pet Care Business to Angelcare,0
EPC,Dec-10-19,11:13AM,Hedge Funds Are Dumping Edgewell Personal Care Company (EPC),0
EPC,Nov-30-19,09:01AM,Edited Transcript of EPC earnings conference call or presentation 12-Nov-19 1:00pm GMT,1
EPC,Nov-22-19,01:39PM,Edgewell Personal Care Announces Participation in Upcoming Investor Conferences,0
EPC,Nov-19-19,08:00AM,Bulldog Skincare For Men Becomes First-Ever Cruelty Free International Leaping Bunny Approved Brand To Sell In China,1
EPC,Nov-12-19,07:30AM,Edgewell Personal Care (EPC) Q4 Earnings Beat Estimates,1
EPC,Oct-26-19,12:45PM,Were Hedge Funds Right About Flocking Into Edgewell Personal Care Company (EPC)?,1
ADS,Nov-02-20,10:04AM,What Pullback? JPMorgan Says These 2 Stocks Could Surge Over 60%,0
ADS,Oct-29-20,05:49PM,Alliance Data Systems Shares Surge on Impressive Results,1
ADS,Oct-29-20,05:49PM,"Alliance Data (ADS) Q3 Earnings, Revenues Beat Estimates",1
ADS,Oct-29-20,05:49PM,Alliance Data Systems (ADS) Q3 Earnings and Revenues Surpass Estimates,1
ADS,Oct-29-20,05:49PM,Alliance Data Provides Card Services Performance Update For September 2020,1
ADS,Oct-29-20,05:49PM,Alliance Data Reports Third Quarter Results,1
ADS,Oct-29-20,05:49PM,Alliance Data Signs Definitive Agreement to Acquire Bread®,1
ADS,Oct-22-20,12:33PM,Earnings Preview: Alliance Data Systems (ADS) Q3 Earnings Expected to Decline,0
ADS,Oct-22-20,12:33PM,Alliance Data Selects Fiserv for Credit Processing Services,1
ADS,Oct-13-20,03:47PM,Why Morgan Stanley's Bullish On Alliance Data Systems,1
ADS,Oct-09-20,06:23AM,Is Alliance Data Systems Corporation's (NYSE:ADS) 28% ROE Better Than Average?,0
ADS,Oct-01-20,07:30AM,"Alliance Data Launches Market-Leading Online Payment Features with Enhanced Digital Suite, Driving Customer Acquisition and Spend",1
ADS,Sep-21-20,12:15PM,Lego partners with Adidas for latest take on a popular shoe,1
ADS,Sep-17-20,08:30AM,Alliance Data Systems Corporation Announces Proposed Offering of $500 Million of Senior Notes,1
ADS,Sep-14-20,07:30AM,Alliance Data Provides Card Services Performance Update For August 2020,1
ADS,Sep-10-20,09:24AM,Kohl's and Adidas partner with actress Zoe Saldana for athleisure line,1
ADS,Sep-01-20,10:03AM,Alliance Data (ADS) Inks Deal to Offer Credit Card Services,1
ADS,Aug-22-20,11:30AM,Why Is Alliance Data (ADS) Down 3.5% Since Last Earnings Report?,0
ADS,Aug-17-20,07:30AM,Alliance Data Provides Card Services Performance Update For July 2020,1
ADS,Aug-08-20,08:03AM,Income Investors Should Know That Alliance Data Systems Corporation (NYSE:ADS) Goes Ex-Dividend Soon,1
ADS,Jul-24-20,06:59AM,Be Wary Of Alliance Data Systems (NYSE:ADS) And Its Returns On Capital,0
ADS,Jul-23-20,05:00PM,"Alliance Data (ADS) Q2 Earnings Beat Estimates, Decline Y/Y",1
ADS,Jul-23-20,05:00PM,Alliance Data Systems (ADS) Surpasses Q2 Earnings Estimates,1
ADS,Jul-23-20,05:00PM,Alliance Data Provides Card Services Performance Update For June 2020,1
ADS,Jul-23-20,05:00PM,Alliance Data Reports Second Quarter Results,1
ADS,Jul-16-20,12:32PM,Earnings Preview: Alliance Data Systems (ADS) Q2 Earnings Expected to Decline,0
ADS,Jul-13-20,10:30AM,Did Hedge Funds Make The Right Call On Alliance Data Systems Corporation (ADS) ?,1
ADS,Jul-08-20,12:49PM,Brooks Brothers files for bankruptcy as its take on office gear falls out of step with more casual trends,0
ADS,Jul-07-20,01:34PM,5 Financial Companies Expanding Book Value,0
ADS,Jun-29-20,07:30AM,"Alliance Data Schedules Second-Quarter 2020 Earnings Conference Call For July 23, 2020",0
ADS,Jun-24-20,11:40AM,ADS or FLT: Which Is the Better Value Stock Right Now?,1
ADS,Jun-15-20,07:30AM,Alliance Data Provides Card Services Performance Update For May 2020,1
ADS,Jun-12-20,06:18PM,Hedge Funds Dumped Alliance Data Systems Corporation (ADS) Big Time,0
ADS,Jun-11-20,12:34PM,Thursday Morning Market Highlights,1
ADS,Jun-10-20,07:24PM,"Alliance Data Stockholders Elect John C. Gerspach, Jr. And Rajesh Natarajan To Board Of Directors",0
ADS,Jun-08-20,04:19PM,Investors overreaction creates short-term opportunities in stocks,1
ADS,May-27-20,01:07PM,Foot Locker focuses on shoes but shoppers want fitness apparel during coronavirus lockdowns,0
ADS,May-23-20,11:30AM,Why Is Alliance Data (ADS) Up 4.1% Since Last Earnings Report?,1
ADS,May-16-20,01:45PM,Wall Street sees plenty of upside for these downtrodden tech stocks,1
ADS,May-15-20,07:30AM,Alliance Data Provides Card Services Performance Update For April 2020,1
ADS,May-13-20,09:06AM,Alliance Data Systems (ADS) Problems Dont Stop at Coronavirus,0
ADS,Apr-28-20,05:24PM,Wall Street Turns Red on Tuesday,0
ADS,Apr-23-20,11:07AM,"Alliance Data (ADS) Misses on Q1 Earnings, Suspends '20 View",0
ADS,Apr-23-20,11:07AM,Alliance Data Systems (ADS) Lags Q1 Earnings Estimates,0
ADS,Apr-23-20,11:07AM,Alliance Data Provides Card Services Performance Update For March 2020,0
ADS,Apr-23-20,11:07AM,Alliance Data Declares Dividend on Common Stock,0
ADS,Apr-16-20,12:31PM,Alliance Data Systems (ADS) Reports Next Week: Wall Street Expects Earnings Growth,1
ADS,Apr-04-20,03:35PM,Invest in Exclusivity for Unfair Advantages,1
ADS,Apr-02-20,07:22PM,S&P 500 Stocks Hanging by a Thread as Macy's Is Booted Off,0
ADS,Apr-01-20,07:30AM,"Alliance Data Schedules First-Quarter 2020 Earnings Conference Call For April 23, 2020",1
ADS,Mar-26-20,03:48PM,Hedge Funds Have Never Been This Bullish On Alliance Data Systems Corporation (ADS),1
ADS,Mar-26-20,03:48PM,"Alliance Data moving 600 Westerville jobs to Easton, projects stable finances amid pandemic",1
ADS,Mar-22-20,08:05AM,"Trade Alert: The Non-Executive Chairman Of Alliance Data Systems Corporation (NYSE:ADS), Robert Minicucci, Has Just Spent US$290k Buying Shares",1
ADS,Mar-19-20,05:25PM,Alliance Data Provides Update On Current Impact of COVID-19,1
ADS,Mar-17-20,11:50AM,Gap and Adidas stores still operating as a slew of other consumer businesses close due to coronavirus,1
ADS,Mar-17-20,11:50AM,These 64 stocks in the S&P 500 fell at least 20% on Monday as the coronavirus panic intensified,1
AMD,Nov-11-20,03:56PM,"Apple is taking control, and a risky bet, with its M1 chip",1
AMD,Nov-11-20,03:56PM,"Dow Jones Rallies 150 Points, As Tech Stocks Snap Back; Apple, Tesla Rebound, But Datadog Plunges On Earnings",0
AMD,Nov-11-20,03:56PM,"Model N (MODN) Q4 Earnings Beat, Stock Down on Bleak View",0
AMD,Nov-11-20,03:56PM,2 Growth Stocks I'd Buy Right Now,1
AMD,Nov-11-20,03:56PM,IBM and AMD Begin Cooperation on Cybersecurity and AI,1
AMD,Nov-11-20,03:56PM,"Dow Jones Futures Rise 200 Points, While Tech Futures Jump As Stock Market Rotation Continues; 6 Tech Giants Sell Off",1
AMD,Nov-11-20,03:56PM,"IBM and AMD will work together on security, artificial intelligence",1
AMD,Nov-11-20,03:56PM,IBM and AMD Announce Joint Development Agreement to Advance Confidential Computing for the Cloud and Accelerate Artificial Intelligence,1
AMD,Nov-10-20,02:47PM,"Apple announces its first-ever M1 processor, coming to MacBooks and Macs",1
AMD,Nov-10-20,02:47PM,"Why Shares of Zoom, Pinterest, and Advanced Micro Devices Fell Today",0
AMD,Nov-10-20,02:47PM,"Dow Jones Jumps 275 Points, But Tech Sell-Off Continues; Beyond Meat Plunges 24% On Earnings",0
AMD,Nov-10-20,02:47PM,AMD Unveils AMD Ryzen Embedded V2000 Processors with Enhanced Performance and Power Efficiency,1
AMD,Nov-09-20,04:28PM,Marvell Stock Shows Rising Price Performance With Jump To 93 RS Rating,1
AMD,Nov-09-20,04:28PM,"Top Stock Reports for NVIDIA, Netflix & Starbucks",1
AMD,Nov-09-20,04:28PM,Q3 Solid Earnings Push Semiconductor ETFs to New Highs,1
AMD,Nov-09-20,04:28PM,"Silicon Laboratories Shows Rising Relative Strength, Gets A Stock Upgrade",1
AMD,Nov-09-20,04:28PM,Advanced Micro Devices Holds Support,1
AMD,Nov-07-20,09:30AM,The Reviews Are in: AMD Is the New Gaming CPU King,1
AMD,Nov-06-20,03:38PM,AMD Stock Is Higher on Another Upgrade to Buy,1
AMD,Nov-06-20,03:38PM,AMD Shares Rise on Wells Fargo Upgrade to Overweight,1
AMD,Nov-06-20,03:38PM,AMD stock gains after Wells Fargo upgrade,1
AMD,Nov-06-20,03:38PM,Nvidia May Need to Get Worse Before it Gets Better,0
AMD,Nov-06-20,03:38PM,Qualcomm Shows Market Leadership With Jump To 93 RS Rating,1
AMD,Nov-06-20,03:38PM,"Realogy Holdings, Hawaiian Holdings, Intel, NVIDIA and Advanced Micro Devices highlighted as Zacks Bull and Bear of the Day",1
AMD,Nov-05-20,10:41AM,Intel (INTC) Spruces Up AI Capabilities to Challenge AMD & NVDA,1
AMD,Nov-05-20,10:41AM,Microsoft Xbox Series X Review: Tons of power and potential at a price,1
AMD,Nov-04-20,05:26PM,Why AMD Stock Popped Today,1
AMD,Nov-04-20,05:26PM,"Nasdaq, S&P Have Best Day After Election Performance on Record",1
AMD,Nov-04-20,05:26PM,"Dow Jones Surges 600 Points, While Tech Stocks Soar; Trump Claims Big Win, But Election Results Unclear",1
AMD,Nov-04-20,05:26PM,"Dow Jones Today, Stocks Soar; Biden Vs. Trump Down To The Wire; AMD Gets Goldman Upgrade",1
AMD,Nov-04-20,05:26PM,AMD Higher as Goldman Upgrades to Buy on Valuation,1
AMD,Nov-02-20,01:59PM,"Dow Jones Surges as Intel Stock Upgraded, Apple Warns About App Store Fees",1
AMD,Nov-02-20,01:59PM,AMD May Finally Dethrone NVIDIA,1
AMD,Oct-30-20,07:28PM,"After Taking Intel Out, Is AMD About to Dethrone Nvidia? Analyst Weighs In",1
AMD,Oct-30-20,07:28PM,"Stock Market Rally Dives On Coronavirus Fears, Apple, Microsoft, Facebook, Amazon Earnings: Weekly Review",0
AMD,Oct-30-20,07:28PM,ETFs to Gain as Marvell's Inphi Buyout Creates $40B Giant,1
AMD,Oct-28-20,10:13PM,AMD Unveils Next-Generation PC Gaming with AMD Radeon RX 6000 Series  Bringing Leadership 4K Resolution Performance to AAA Gaming,1
AMD,Oct-28-20,10:13PM,"AMD Analysts See Momentum Ahead, With Xilinx Deal Expanding Market Opportunity",1
AMD,Oct-28-20,10:13PM,AMD's $649 Radeon RX 6800XT will take on NVIDIA's RTX 3080,1
AMD,Oct-28-20,10:13PM,"AMD, Tesla, JD.com Struggle With Early Buy Points, But This Is The Real Problem",0
AMD,Oct-28-20,10:13PM,Microsoft beats expectations on cloud strength,1
AMD,Oct-28-20,10:13PM,Advanced Micro Devices (AMD) Shareholders Head for Exits,0
AMD,Oct-27-20,09:03PM,AMDs $35 Billion Deal Pushes 2020 Toward a Record for Chip M&A,1
AMD,Oct-27-20,09:03PM,"Dow Jones Futures Slide After Apple, Tesla Lead Tech Rally; Microsoft Earnings Smash Estimates, While First Solar Surges",0
AMD,Oct-27-20,09:03PM,Why Xilinx Stock Jumped Today,1
AMD,Oct-27-20,09:03PM,Jim Cramer: Bank With Advanced Micro's Lisa Su and Go Along for the Ride,1
AMD,Oct-27-20,09:03PM,S&P 500 Tumbles: Tech Stocks Gain but Everything Else Falls,0
AMD,Oct-27-20,09:03PM,AMDs Lisa Su Redoubles Intel Challenge With Record Xilinx Deal,1
AMD,Oct-27-20,09:03PM,Stock Market Today: Bearish Tone Remains as COVID Picture Worsens,0
AMD,Oct-27-20,09:03PM,AMD Buying Xilinx For $35 Billion To Expand Data Center Business,1
AMD,Oct-27-20,09:03PM,"AMD smells Intels blood in the water, and strikes with Xilinx deal",1
AMD,Oct-27-20,09:03PM,Nasdaq Defies Downturn as AMD Buys Xilinx,1
AMD,Oct-27-20,09:03PM,"AMD to buy Xilinx in $35B deal, expanding chip business",1
AMD,Oct-27-20,09:03PM,"AMD Buys Xilinx for $35 Billion, Posts Better-Than-Expected Profit",1
AMD,Oct-27-20,09:03PM,AMD CEO Lisa Su Says the Xilinx Deal Is Transformational,1
WMT,Nov-11-20,08:13PM,ByteDance Desperate for Extension as TikTok Sale Deadline Hits,0
WMT,Nov-11-20,08:13PM,"Bye, Tariff Man. Bidens India Play Must Be Apps",1
WMT,Nov-11-20,08:13PM,"General Motors, Walmart Collaborate to Test Driverless Deliveries",1
WMT,Nov-11-20,08:13PM,Oak Street Health Is IBD Stock Of The Day; OSH Stock Nears Buy Point Amid Medicare Opportunity,1
WMT,Nov-11-20,08:13PM,"Dow Jones Rises While Nasdaq Leads Market, Recovers Losses; This Retailer Breaks Out",1
WMT,Nov-11-20,08:13PM,Walmart (WMT) Ups Delivery Game Again With Cruise Alliance,1
WMT,Nov-11-20,08:13PM,Walmart Partners With GM Cruise To Test Grocery Delivery Via All-Electric Self-Driving Cars,1
WMT,Nov-11-20,08:13PM,Asias Richest Man Takes on Amazon in Indias Booming Online Market,1
WMT,Nov-10-20,10:10PM,Asias Richest Man Takes on Amazon in Indias Booming Online Market,1
WMT,Nov-10-20,10:10PM,"Dow Jones Rises While Tech Stocks, Coronavirus Plays Sell Off",1
WMT,Nov-10-20,10:10PM,Beyond Meat's Wild Ride Goes Beyond McPlant,1
WMT,Nov-10-20,10:10PM,General Motors Shares Up as UBS Raises Target on EV Strategy,1
WMT,Nov-10-20,10:10PM,Walmart Teams Up With GM's Cruise on Self-Driving Deliveries,1
WMT,Nov-10-20,10:10PM,Walmart (WMT) Earnings Expected to Grow: What to Know Ahead of Next Week's Release,1
WMT,Nov-10-20,10:10PM,GMs Cruise and Walmart Team Up for Driverless Delivery,1
WMT,Nov-10-20,10:10PM,Walmart partners with GM's Cruise on self-driving delivery pilot in AZ,1
WMT,Nov-10-20,10:10PM,Walmart partners with GM's Cruise on self-driving delivery pilot in AZ,1
WMT,Nov-10-20,10:10PM,Walmart and Cruise partner to test autonomous grocery delivery in Arizona,1
WMT,Nov-10-20,10:10PM,Walmart to pilot self-driving electric cars for delivery next year,1
WMT,Nov-10-20,10:10PM,CORRECTED-Walmart partners with GM's Cruise on self-driving delivery pilot in AZ,1
WMT,Nov-09-20,06:17PM,COVID-19 economy: Hostess sees jumbo donuts fly off the shelves as pandemic rages on,0
WMT,Nov-08-20,06:07PM,Walmart To Record $1B Loss From Argentina Business Sale,0
WMT,Nov-07-20,11:42AM,Biden Has Won the Most Extraordinary Election of Our Time. What Comes Next.,1
WMT,Nov-07-20,11:42AM,Kohls made unimaginable decisions to get through coronavirus: Michelle Gass,0
WMT,Nov-06-20,05:42PM,Walmart Sells Its Argentina Business,0
WMT,Nov-06-20,05:42PM,Walmart Joins Argentina Corporate Exodus After Selling Unit,0
WMT,Nov-06-20,05:42PM,Walmart Plans to Sell Argentina Business,0
WMT,Nov-06-20,05:42PM,"Walmart to sell operations in recession-hit Argentina, taking $1 billion hit",0
WMT,Nov-06-20,05:42PM,"Facebook Racks Up India Wins With WhatsApp Permit, Ambani Deal",1
WMT,Nov-05-20,11:31PM,Here's Why Coupa Software Stock Jumped Today,1
WMT,Nov-05-20,11:31PM,Google and Walmart face growth hurdles as India caps payments transactions,0
WMT,Nov-05-20,11:31PM,Coupa Software Jumps on News of Walmart Agreement,1
WMT,Nov-05-20,11:31PM,Coronavirus dramatically accelerated e-commerce by 5+ years: Kohl's CEO,1
WMT,Nov-04-20,04:52PM,"JD.com, IBD Stock Of The Day, Jumps Into Buy Zone, Hits New High",1
WMT,Nov-04-20,04:52PM,Comcast In Talks With Walmart To Develop Smart TVs  Report,1
WMT,Nov-03-20,10:17PM,"China Halts Ant Groups IPO, Throwing Ma Empire Into Turmoil",0
WMT,Nov-03-20,10:17PM,Report: Walmart and Comcast in Discussions to Make Smart TVs,1
WMT,Nov-03-20,10:17PM,"Comcast, Walmart Have Had Exploratory Talks About Producing a Smart TV",1
WMT,Nov-03-20,10:17PM,"Walmart, Comcast in Talks to Develop Smart TVs; Roku Slides",1
WMT,Nov-03-20,10:17PM,Roku Dips As Comcast Could Be Eyeing Smart TV Market,0
WMT,Nov-03-20,10:17PM,"Walmart Ditches Robots, Sticks With Humans for Inventory Control",1
WMT,Nov-03-20,10:17PM,Walmart scraps robot scanner plans,1
WMT,Nov-03-20,10:17PM,Ant Group Trades at 50% Premium in Hong Kong Gray Market,0
WMT,Nov-03-20,10:17PM,Walmart drops inventory robots from its stores,1
WMT,Nov-02-20,10:46PM,Walmart Ditches Inventory-Tracking Robots In Favor Of Humans: WSJ,1
WMT,Nov-02-20,10:46PM,Walmart Ends Long-Standing Robot Inventory Project,0
WMT,Nov-02-20,10:46PM,'We're not backing down': Amazon workers want paid time off to vote in 2020 elections,0
WMT,Nov-02-20,10:46PM,Walmart drops plans to use robots for tracking inventory,0
WMT,Nov-02-20,10:46PM,TikTok Scores New Deal With Sony  Home of Beyonce and Travis Scott,1
WMT,Oct-31-20,12:09PM,Walmart to Return Firearms and Ammunition to Shelves,1
WMT,Oct-30-20,11:35PM,"Walmart begins returning firearms, ammunition to U.S. store floors",1
WMT,Oct-30-20,11:35PM,Trump TikTok Restrictions Blocked by Judge in Win for Users,1
WMT,Oct-30-20,11:35PM,Trumps TikTok Ban Halted by Federal Judge in Victory for Three Creators Who Sued Administration,1
WMT,Oct-30-20,11:35PM,Walmart to return firearms and ammunition to sales floor today,1
WMT,Oct-30-20,11:35PM,Walmart to return firearms to the sales floor today as social unrest remains 'geographically isolated',1
WMT,Oct-30-20,11:35PM,"Walmart Removes Guns, Ammunition From Displays Before Election",1
WMT,Oct-30-20,11:35PM,"News On The Move: Clemson QB contracts Covid-19, Walmart pulls guns off sales floor",0
WMT,Oct-30-20,11:35PM,Walmart Removes All Guns and Ammo From Sales Floors of All U.S. Stores,0
WMT,Oct-30-20,11:35PM,Walmart unit Sam's Club partners with DoorDash to deliver medicines,1
WMT,Oct-30-20,11:35PM,Walmart unit Sam's Club partners with DoorDash to deliver medicines,1
WMT,Oct-30-20,11:35PM,Sam's Club Teams Up with DoorDash For Same Day Pharmaceutical Deliveries,1
WMT,Oct-29-20,09:32PM,"Walmart Pulls Guns, Ammunition Off US Shelves On Fears Of Civil Unrest, Theft",0
WMT,Oct-29-20,09:32PM,"Walmart pulls guns, ammo from shelves ahead of potential civil unrest",0
WMT,Oct-29-20,09:32PM,"Walmart pulls firearms, ammunition from U.S. store floors as civil unrest flares",0
BDN,Oct-25-20,08:10AM,Brandywine Realty Trust Just Missed Earnings And Its Revenue Numbers Were Weaker Than Expected,0
BDN,Oct-21-20,05:55PM,Brandywine Realty Trust (BDN) Meets Q3 FFO Estimates,1
BDN,Sep-15-20,03:41PM,"Brandywine Realty Trust Announces Common Quarterly Dividend, and Confirms Third Quarter 2020 Earnings Release and Conference Call",1
BDN,Sep-12-20,10:04AM,Would Shareholders Who Purchased Brandywine Realty Trust's (NYSE:BDN) Stock Three Years Be Happy With The Share price Today?,1
BDN,Jul-22-20,06:15PM,Brandywine Realty Trust (BDN) Matches Q2 FFO Estimates,1
BDN,Jul-10-20,06:00AM,"After 20% Plunge, REIT Dividends Appear to Have Bottomed Out. Here Are 9 JPMorgan Analysts Like.",1
BDN,Jul-04-20,02:46PM,Hedge Funds Are Dumping Brandywine Realty Trust (BDN),0
BDN,Jun-26-20,09:59AM,Brandywine Realty (BDN) Catches Eye: Stock Jumps 9.8%,1
BDN,Jun-24-20,05:55PM,TopBuild Set to Join S&P MidCap 400; Retail Properties of America and Brandywine Realty Trust to Join S&P SmallCap 600,1
BDN,Apr-25-20,08:35AM,Results: Brandywine Realty Trust Exceeded Expectations And The Consensus Has Updated Its Estimates,1
BDN,Apr-22-20,07:25PM,Brandywine Realty Trust (BDN) Beats Q1 FFO and Revenue Estimates,1
BDN,Apr-01-20,04:37PM,These Real Estate Stocks Are Getting Hammered Because No One Knows Who Can Pay the Rent,0
BDN,Mar-26-20,10:36AM,Our Take On Brandywine Realty Trust's (NYSE:BDN) CEO Salary,1
BDN,Feb-19-20,07:05AM,Does The Brandywine Realty Trust (NYSE:BDN) Share Price Fall With The Market?,0
BDN,Jan-05-20,07:29AM,Update: Brandywine Realty Trust (NYSE:BDN) Stock Gained 20% In The Last Year,1
BDN,Dec-11-19,04:10PM,Hedge Funds Have Never Been More Bullish On Brandywine Realty Trust (BDN),0
BDN,Dec-06-19,02:19PM,Here's Why I Think Brandywine Realty Trust (NYSE:BDN) Is An Interesting Stock,1
BDN,Oct-31-19,06:51AM,"VP, Chief Accounting Officer & Treasurer Is The VP, Chief Accounting Officer & Treasurer of Brandywine Realty Trust (NYSE:BDN) And They Just Sold 26% Of Their Shares",0
BDN,Oct-28-19,03:57PM,More skyscrapers for North Austin: Breaking down Broadmoor's first office buildings,1
BDN,Oct-28-19,03:57PM,FMC Tower receives a 'healthy' building certification. Here's what that means.,1
BDN,Oct-02-19,04:12PM,"Brandywine Operating Partnership, L.P. -- Moody's changes Brandywine's outlook to stable",1
BDN,Sep-30-19,03:54PM,"Brandywine moves forward with huge Broadmoor redevelopment near Domain, hires brokerage",1
BDN,Sep-10-19,02:00PM,Brandywine Realty Trust (BDN) is a Top Dividend Stock Right Now: Should You Buy?,1
BDN,Aug-23-19,09:15AM,This is Why Brandywine Realty Trust (BDN) is a Great Dividend Stock,1
BDN,Aug-22-19,01:45PM,Brandywine's new construction at Schuylkill Yards expected next year,1
BDN,Aug-07-19,09:15AM,Why Brandywine Realty Trust (BDN) is a Great Dividend Stock Right Now,1
BDN,Jul-24-19,02:02PM,Brandywine begins razing KoP building to make way for new one,1
BDN,Jul-22-19,05:35PM,Brandywine Realty Trust (BDN) Q2 FFO and Revenues Lag Estimates,0
BDN,Jul-22-19,05:35PM,Why Brandywine Realty Trust (BDN) is a Great Dividend Stock Right Now,1
BDN,Jul-09-19,12:38PM,First look: Brandywine's Northwest Austin office park to get much bigger,1
BDN,Jul-05-19,02:27PM,"Chubb, courted by developers, considers new Center City office tower",1
BDN,Jun-11-19,06:50AM,First phase of Schuylkill Yards completed: 'A durable wow effect',1
BDN,Jun-10-19,09:15AM,Why Brandywine Realty Trust (BDN) is a Top Dividend Stock for Your Portfolio,1
BDN,May-12-19,06:42PM,Hedge Funds Have Never Been More Bullish On Brandywine Realty Trust (BDN),1
BDN,May-09-19,12:51PM,Is Brandywine Realty Trust (NYSE:BDN) Potentially Underrated?,1
BDN,Apr-16-19,01:33PM,Brandywine to develop new office building in King of Prussia,1
BDN,Apr-11-19,08:39AM,Is Brandywine Realty Trust's (NYSE:BDN) 7.5% ROE Strong Compared To Its Industry?,1
BDN,Mar-28-19,11:25AM,Developers plan a pedestrian-friendly 'gateway' on the road to Nats Park,1
BDN,Mar-21-19,09:36AM,Redevelopment Efforts to Solidify Brandywine Office Property,1
BDN,Feb-04-19,12:24PM,Why Brandywine Realty passed on buying 1735 Market,1
KSS,Nov-10-20,12:30PM,Kohl's (KSS) Expected to Beat Earnings Estimates: What to Know Ahead of Q3 Release,1
KSS,Nov-10-20,12:30PM,Should You Sell Department Store Stocks After the Vaccine Rally?,0
KSS,Nov-09-20,06:17PM,Vaccine Hope Sent These Retailers Soaring Monday,1
KSS,Nov-09-20,06:17PM,Nordstrom Stock Has Tumbled. Heres Why It Could Be Time to Buy.,1
KSS,Nov-08-20,07:45AM,3 Top Retail Stocks to Watch In November,1
KSS,Nov-07-20,09:00AM,Kohls made unimaginable decisions to get through coronavirus: Michelle Gass,1
KSS,Nov-07-20,09:00AM,Kohls made unimaginable decisions to get through COVID-19 pandemic: CEO,1
KSS,Nov-06-20,10:15AM,"Mattel CEO: Barbie, Hot Wheels, 'are resonating' with consumers during pandemic",1
KSS,Nov-06-20,10:15AM,Kohls Kicks-Off Black Friday Early With New Ways To Save All Month Long,1
KSS,Nov-05-20,10:11AM,Coronavirus dramatically accelerated e-commerce up to 5+ years: Kohl's CEO,1
KSS,Nov-05-20,10:11AM,Coronavirus dramatically accelerated e-commerce by 5+ years: Kohl's CEO,1
KSS,Oct-30-20,08:00AM,Kohls Gifts $5 Million to Nonprofits Nationwide This Holiday and Inspires Customers to Give With All Your Heart,1
KSS,Oct-28-20,10:22AM,Online holiday sales could hit a record $189 billion: Adobe Analytics,1
KSS,Oct-26-20,03:12PM,Walmart CEO on possible corporate tax hikes: US needs to stay competitive,1
KSS,Oct-26-20,03:12PM,Walmart CEO: 'The country needs to come together and solve problems',1
KSS,Oct-26-20,03:12PM,Walmart CEO: The lack of stimulus is taking its toll,1
KSS,Oct-26-20,03:12PM,Walmart CEO: Consumers are stocking up again as coronavirus rages on,1
KSS,Oct-26-20,03:12PM,Etsy's (ETSY) Resilience Through the Pandemic and Beyond,1
KSS,Oct-22-20,04:30PM,Target fights off Amazon in early Black Friday battle,1
KSS,Oct-21-20,05:05PM,Why BofA Is Bullish On Kohl's,0
KSS,Oct-20-20,04:57PM,How Kohls Intends to Reignite Its Womens Business,1
KSS,Oct-20-20,04:57PM,Kohl's Stock Goes Up as Investors Cheer New Growth Initiatives,1
KSS,Oct-20-20,04:57PM,Kohl's Challenges Lululemon With New Athleisure Line,1
KSS,Oct-20-20,04:57PM,Kohl's (KSS) Solidifies Brand Assortment With Cole Haan Launch,1
KSS,Oct-20-20,04:57PM,Kohls to launch private-label brand amid renewed focus on casual lifestyle merchandise,1
KSS,Oct-20-20,04:57PM,"Kohls Announces Launch of New Private Label, Specialty Athleisure Brand",1
KSS,Oct-19-20,10:50AM,"Dillards Clears Technical Benchmark, Hitting 90-Plus RS Rating",1
KSS,Oct-19-20,10:50AM,Kohls Introducing Cole Haan Next Spring,1
KSS,Oct-19-20,10:50AM,Kohls Partners with Iconic American Performance Lifestyle Brand Cole Haan,1
KSS,Oct-18-20,08:00AM,"Analyst: Holiday shopping will be 'very, very good' despite coronavirus, stimulus headwinds",1
KSS,Oct-14-20,06:51AM,"Bobbi Brown: Whether youre at home or at work, everyone wants to feel better",1
KSS,Oct-14-20,06:51AM,Kohls Pivots in the Pandemic,1
KSS,Oct-13-20,03:31PM,Amazons Prime Day Steals Rivals Black Friday Spotlight,1
KSS,Oct-13-20,03:31PM,Amazon Prime Day 2020 may send more retailers into the grave,0
KSS,Oct-13-20,03:31PM,From Bergdorf Goodman to Walmart: Bobbi Browns newest venture is about being where our customer is,1
KSS,Oct-13-20,03:31PM,Kohl's (KSS) Unveils Slew of Plans to Enrich Holiday Shopping,1
KSS,Oct-12-20,12:36PM,"Kohls Offers Customers Great Gifts at an Incredible Value and a Safe, Convenient Shopping Experience This Holiday",1
KSS,Oct-07-20,04:26PM,Dillards Shows Rising Relative Price Performance; Shares In An Uptrend,1
KSS,Oct-07-20,04:26PM,Mall Anchor Stocks Near Short-Term Buy Signals,1
KSS,Oct-01-20,11:16AM,Bed Bath & Beyond Is on the Verge of an Epic Comeback,1
KSS,Oct-01-20,11:16AM,Halloween sales forecast could be frightful to companies trying to create holiday season momentum,0
KSS,Sep-29-20,05:15PM,Kohls Extends Lands End Program to 150 Stores,1
KSS,Sep-29-20,05:15PM,"Kohls Launches Lauren Conrad Beauty, Bringing New Clean Beauty Offerings to Customers Nationwide",1
KSS,Sep-28-20,10:30AM,Amazons Pandemic Prime Day Adds to Retailers' Scary October,1
KSS,Sep-25-20,01:25PM,Wall Street drills Costco stock because it's paying workers $2 more an hour during COVID-19,1
KSS,Sep-24-20,11:01AM,Target plans to double staffing for contactless delivery this holiday season,1
KSS,Sep-20-20,02:06PM,Kohl's Cuts Corporate Staff Again to Reduce Costs,0
KSS,Sep-19-20,10:07AM,Kohl's Layoffs Signal Deeper Issues,0
KSS,Sep-17-20,05:53PM,Kohls CEO on Pivoting Thru COVID-19 and for Holiday 2020,1
KSS,Sep-16-20,01:40PM,Kohl's cuts 15% of corporate jobs,0
KSS,Sep-15-20,06:03PM,Kohls Cuts Corporate Workforce by 15 Percent,0
KSS,Sep-15-20,06:03PM,Kohls Will Eliminate 15% of Its Corporate Staff to Curb Costs,0
KSS,Sep-10-20,01:31PM,Black Friday shopping like we all know it is officially over because of COVID-19,0
KSS,Sep-10-20,01:31PM,Kohl's and Adidas partner with actress Zoe Saldana for athleisure line,1
KSS,Sep-10-20,01:31PM,Zoe Saldana Teams Up With Adidas for Activewear for Kohls,1
KSS,Sep-10-20,01:31PM,Actress and Activist Zoe Saldana Launches Active Collection with adidas at Kohls,1
KSS,Sep-09-20,12:40PM,"UPS to hire 100,000 seasonal workers for extended holiday shopping rush",1
KSS,Sep-09-20,12:40PM,Kohl's Boosts Customers' Experience With New Loyalty Program,1
KSS,Sep-09-20,12:40PM,Journey Back to All-Time Favorites This Fall with Kohls Cares Latest Collection,1
KSS,Sep-08-20,04:05PM,"Kohl's Ejected From the S&P 500 Index, Rolls Out New Loyalty Program",0
KSS,Sep-08-20,04:05PM,Kohls Revamps Loyalty Program,1
KSS,Sep-08-20,04:05PM,Kohl's launches new loyalty program for its 30 million members heading into the holidays,1
KSS,Sep-08-20,04:05PM,"Kohls Rolls Out New Loyalty Program Nationwide, Rewarding Customers With More Kohls Cash Every Day, on Every Purchase",1
KSS,Sep-02-20,02:04PM,Hedge Funds Have Never Been This Bullish On Kohls Corporation (KSS),0
KSS,Sep-02-20,02:04PM,Macys Stock Is Rising Because a Smaller Loss Is a Big Advance,1
DBX,Nov-09-20,12:42PM,"Dropbox (DBX) Tops Q3 Earnings & Revenue Estimates, Ups View",1
DBX,Nov-08-20,10:08AM,Dropbox Shares Fall 5% Despite Beat and Raise Quarter,0
DBX,Nov-05-20,07:05PM,Dropbox (DBX) Q3 Earnings and Revenues Surpass Estimates,1
DBX,Nov-05-20,07:05PM,"Dropbox shares rise, then fall, on revenue, earnings beat",0
DBX,Oct-26-20,12:51PM,Dropbox begins shift to high-efficiency Western Digital Shingled Magnetic Recording disks,1
DBX,Oct-13-20,05:45PM,Dropbox Makes Remote Work Permanent in Virtual First Shift,1
DBX,Oct-13-20,05:45PM,"Out of Office: Potential $1.2 Trillion Opportunity in Improving Focus in Knowledge Work, Shows Study Commissioned by Dropbox",1
DBX,Sep-25-20,05:45PM,Top Ranked Growth Stocks to Buy for September 25th,1
DBX,Sep-15-20,06:17PM,Dropbox CEO Drew Houston says the pandemic forced the company to reevaluate what work means,1
DBX,Sep-15-20,06:17PM,Stocks With Rising Relative Strength: Oracle,1
DBX,Sep-14-20,01:26AM,Tech's Bubble of Calm Is Likely to Prove Brief,0
DBX,Sep-11-20,05:45PM,Dropbox (DBX) Outpaces Stock Market Gains: What You Should Know,1
DBX,Sep-11-20,05:45PM,Oracle Getting Closer To Key Technical Measure,1
DBX,Sep-08-20,12:29AM,"Apple, Google, Dropbox Face Italy Antitrust Probes Over Cloud Computing Services",0
DBX,Aug-31-20,11:59PM,"Hedge Funds Are Betting On Dropbox, Inc. (DBX)",1
DBX,Aug-28-20,01:49PM,Bull Of The Day: Dropbox (DBX),1
DBX,Aug-20-20,11:10AM,Why Dropbox (DBX) Could Be an Impressive Growth Stock,1
DBX,Aug-15-20,11:42AM,Dropbox Strongly Discounted Despite Impressive Quarterly Earnings,0
DBX,Aug-14-20,08:30AM,Why Dropbox (DBX) Could Be an Impressive Growth Stock,1
DBX,Aug-07-20,01:23PM,"Dropbox boasted solid results, but its CFOs departure is worrisome",0
DBX,Aug-06-20,05:04PM,Dropbox Sales Beat Estimates; Shares Tumble as CFO Prepares Exit,0
DBX,Aug-06-20,05:04PM,Dropbox shares drop 4% despite revenue in line with Street estimates,0
DBX,Aug-04-20,09:11AM,Growth in Paying Users to Drive Dropbox's (DBX) Q2 Earnings,1
DBX,Jul-31-20,12:45PM,BofA Cuts Rating Even As Dropbox Appears Set To Beat Q2 Expectations,0
DBX,Jul-30-20,12:00PM,University of Michigan Empowers Distance Learning and Remote Collaboration With Campuswide Dropbox Education Deployment,1
DBX,Jul-30-20,12:00PM,MACOM (MTSI) Q3 Earnings and Revenues Surpass Estimates,1
DBX,Jul-29-20,05:45PM,Dropbox (DBX) Outpaces Stock Market Gains: What You Should Know,1
DBX,Jul-23-20,05:45PM,Dropbox (DBX) Dips More Than Broader Markets: What You Should Know,0
DBX,Jul-20-20,05:35PM,Why Dropbox Shot Nearly 10% Higher on Monday,1
DBX,Jul-20-20,05:35PM,Dropbox Shares Soar After Analyst Turns Positive on the Stock,1
DBX,Jul-20-20,05:35PM,Dropbox stock rises after Jefferies upgrade,1
DBX,Jul-08-20,03:02PM,Slack co-founder: We will be more aggressive with acquisitions,1
DBX,Jul-08-20,03:02PM,Why Dropbox Stock Climbed 21.6% in the First Half of 2020,1
